संस्कृतम्,विभक्ति:,शब्दविश्लेषणम्,हिन्दी-विभक्ति:,हिन्दी अर्ध,English Meaning
1.Aरामायणम्,1.CB-A,1.Dरामायण{1}{नपुं-ए.},1.Eरामायण+{0/ने},1.Fरामायणम्,1.Gरामायणम्
,,,,,
2.1.Aतपः-स्वाध्याय-निरतम्,2.1.CB-B,2.1.Dतपः-स्वाध्याय-निरत{2}{पुं-ए.},2.1.Eतपः-स्वाध्याय-निरत+{को2},2.1.Fतप एवं स्वाध्याय में संलग्न,2.1.GWho is constantly engaged in penance and self-study
तपस्वी,B-A,तपस्विन्{1}{पुं-ए.},तपस्विन्+{0/ने},तपस्वी,One who performs penance
वाग्-विदाम्,B-F,वाग्विद्{6}{पुं-ब.},वाग्विद्+{का},शास्त्रज्ञों में,amongst wise men
वरम्,B-B,वर{2}{पुं-ए.},वर+{को2},श्रेष्ठ,greatest
2.2.Aनारदम्,2.2.CB-B,2.2.Dनारद{2}{पुं-ए.},2.2.Eनारद+{को2},2.2.Fदेवर्षि नारद से,2.2.Gto the devine sage Narada
परि-पप्रच्छ,B-v,परि+प्रच्छ्{कर्तरि लिट् प्रपु ए.},परि+प्रच्छ्{कर्तरि लिट् प्रपु ए.},पूछा,asked
वाल्मीकिः,B-A,वाल्मीकि{1}{पुं-ए.},वाल्मीकि+{0/ने},महर्षि वाल्मीकि,sage named Valmiki
मुनि-पुङ्गवम्,B-B,मुनि-पुङ्गव{2}{पुं-ए.},मुनि-पुङ्गव+{को2},मुनि-श्रेष्ठ,greatest among sages
1,-,1,1,1,1
3.1.Aकः,3.1.CB-A,3.1.Dकिम्{1}{पुं-ए.},3.1.Eकिम्+{0/ने},3.1.Fकौन,3.1.Gwho
नु,-,नु,नु,नु,But
अस्मिन्,B-G,इदम्{7}{पुं-ए.},इदम्+{में/पर},इस,in this
साम्प्रतम्,-,साम्प्रतम्{वर्तमानार्थकम्},साम्प्रतम्{वर्तमानार्थकम्},इस समय,now
लोके,B-G,लोक{7}{पुं-ए.},लोक+{में/पर},लोक में,world
गुणवान्,B-A,गुणवत्{1}{पुं-ए.},गुणवत्+{0/ने},प्रशस्त गुणों से युक्त,associated with virtues
कः,B-A,किम्{1}{पुं-ए.},किम्+{0/ने},कौन,who
च,-,च,च,भी,too
वीर्यवान्,B-A,वीर्यवत्{1}{पुं-ए.},वीर्यवत्+{0/ने},पराक्रम सम्पन्न,possessed of prowess
3.2.Aधर्मज्ञः,3.2.CB-A,3.2.Dधर्मज्ञ{1}{पुं-ए.},3.2.Eधर्मज्ञ+{0/ने},3.2.Fधर्म के ज्ञाता,3.2.Gknower of duties
च,-,च,च,भी,too
कृतज्ञः,B-A,कृतज्ञ{1}{पुं-ए.},कृतज्ञ+{0/ने},दूसरों के उपकार को याद रखने वाला,conscious of service done by others
च,-,च,च,भी,too
सत्य-वाक्यः,B-A,सत्य-वाक्य{1}{पुं-ए.},सत्य-वाक्य+{0/ने},सदा ही सत्य बोलने वाला,one who always speaks truth
दृढ-व्रतः,B-A,दृढ-व्रत{1}{पुं-ए.},दृढ-व्रत+{0/ने},दृढ संकल्प वाला,determined
2,-,2,2,2,2
4.1.Aचारित्रेण,4.1.CB-C,4.1.Dचारित्र{3}{नपुं-ए.},4.1.Eचारित्र+{से3},4.1.Fचारित्र्य से,4.1.Gright conduct
च,-,च,च,भी,too
कः,B-A,किम्{1}{पुं-ए.},किम्+{0/ने},कौन,who
युक्तः,B-A,युक्त{1}{पुं-ए.},युक्त+{0/ने},सम्पन्न,associated
सर्व-भूतेषु,B-G,सर्व-भूत{7}{पुं-ब.},सर्व-भूत+{में/पर},सभी प्राणियों में,among all the living beings
कः,B-A,किम्{1}{पुं-ए.},किम्+{0/ने},कौन,who
हितः,B-A,हित{1}{पुं-ए.},हित+{0/ने},हित करने वाला,one who does good
4.2.Aविद्वान्,4.2.CB-A,4.2.Dविद्वस्{1}{पुं-ए.},4.2.Eविद्वस्+{0/ने},4.2.Fशास्त्रों का ज्ञाता,4.2.Gman of sastric knowledge
कः,B-A,किम्{1}{पुं-ए.},किम्+{0/ने},कौन,who
कः,B-A,किम्{1}{पुं-ए.},किम्+{0/ने},कौन,who
समर्थः,B-A,समर्थ{1}{पुं-ए.},समर्थ+{0/ने},समर्थ,"capable,skilful"
च,-,च,च,भी,too
कः,B-A,किम्{1}{पुं-ए.},किम्+{0/ने},कौन,who
च,-,च,च,भी,too
एक-प्रिय-दर्शनः,B-A,एक-प्रिय-दर्शन{1}{पुं-एक},एक-प्रिय-दर्शन+{0/ने},सभी का हमेशा प्रिय,one who is dear to all
3,-,3,3,3,3
5.1.Aआत्मवान्,5.1.CB-A,5.1.Dआत्मवत्{1}{पुं-ए.},5.1.Eआत्मवत्+{0/ने},5.1.Fस्वाधीन अन्त:करण वाला,5.1.Gsubduer of self
कः,B-A,किम्{1}{पुं-ए.},किम्+{0/ने},कौन,who
जित-क्रोधः,B-A,जित-क्रोध{1}{पुं-ए.},जित-क्रोध+{0/ने},क्रोध को वश में रखनेवाला,conquerer of anger
द्युतिमान्,B-A,द्युतिमत्{1}{पुं-ए.},द्युतिमत्+{0/ने},कान्तियुक्त,radiant
कः,B-A,किम्{1}{पुं-ए.},किम्+{0/ने},कौन,who
अनसूयकः,-,अनसूयकः{1}{पुं-ए.},अनसूयकः+{0/ने},असूया से रहित,free from jealousy
5.2.Aकस्य,5.2.CB-F,5.2.Dकिम्{6}{पुं-ए.},5.2.Eकिम्+{का},5.2.Fकिससे,5.2.Gfrom whom
बिभ्यति,B-v,भी{कर्तरि लट् प्रपु ब.},भी{कर्तरि लट् प्रपु ब.},भयभीत होते हैं,do fear
देवाः,B-A,देव{1}{पुं-ब.},देव+{0/ने},देवता,the gods
च,-,च,च,भी,too
जात-रोषस्य,B-F,जात-रोष{6}{पुं-ए.},जात-रोष+{का},क्रुद्ध होने (पर),when wrath is provoked
सम्-युगे,B-G,सम्-युग{7}{पुं-ए.},सम्-युग+{में/पर},युद्ध में,in the battle
4,-,4,4,4,4
6.1.Aएतद्,6.1.CB-B,6.1.Dएतद्{2}{नपुं-ए.},6.1.Eएतद्+{को2},6.1.Fइसे,6.1.Gएतद्
इच्छामि,B-v,इष्{कर्तरि लट् उपु ए.},इष्{कर्तरि लट् उपु ए.},चाहता हूँ,(I)desire
अहम्,B-A,अस्मद्{1}{सर्व-ए.},अस्मद्+{0/ने},मैं,I
श्रोतुम्,-,श्रोतुम्{तुमुन्नन्तम्},श्रोतुम्{तुमुन्नन्तम्},सुनना,to hear
परम्,-,परम्,परम्,उत्कट,great
कौतूहलम्,B-A,कौतूहल{1}{नपुं-ए.},कौतूहल+{0/ने},कौतुक,curiosity
हि,-,हि,हि,चूँकि,because
मे,-,अस्मद्{6}{ए.},अस्मद्+{का},मेरा,mine
6.2.Aमहर्षे,6.2.CB-G,6.2.Dमहर्षि{8}{पुं-1-ए.},6.2.Eमहर्षि+{में/पर},6.2.Fमुनिवर,6.2.GO sage!
त्वम्,B-A,युष्मद्{1}{ए.},युष्मद्+{0/ने},तुम (आप),you
समर्थः,B-A,समर्थ{1}{पुं-ए.},समर्थ+{0/ने},समर्थ,"capable,skillful"
असि,B-v,अस्{कर्तरि लट् मपु ए.},अस्{कर्तरि लट् मपु ए.},हो,(you)are
ज्ञातुम्,-,ज्ञातुम्{तुमुन्नन्तम्},ज्ञातुम्{तुमुन्नन्तम्},जानने के लिए,to know
एवं-विधम्,B-B,एवंविध{2}{पुं-ए.},एवंविध+{को2},उक्त गुणों से युक्त,having such good qualities
नरम्,B-B,नर{2}{पुं-ए.},नर+{को2},मानव को,to man
5,-,5,5,5,5
7.1.Aश्रुत्वा,7.1.C-,7.1.Dश्रु{क्त्वान्तम्},7.1.Eश्रु{क्त्वान्तम्},7.1.Fसुनकर,7.1.Gafter hearing
च,-,च,च,भी,too
एतत्,B-B,एतद्{2}{नपुं-ए.},एतद्+{को2},इसे,which was told earlier
त्रिलोकज्ञः,B-A,त्रिलोकज्ञ{1}{पुं-ए.},त्रिलोकज्ञ+{0/ने},तीना लोकों के ज्ञाता,knower of three worlds
वाल्मीकेः,B-F,वाल्मीकि{6}{पुं-ए.},वाल्मीकि+{का},रामायण के लेखक वाल्मीकि से,"to Valmiki,the auther of Ramayana"
नारदः,B-A,नारद{1}{पुं-ए.},नारद+{0/ने},देवर्षि नारद,divine sage Narada
वचः,B-B,वचस्{2}{नपुं-ए.},वचस्+{को2},पहले कही गयी वाणी को,speech
7.2.Aश्रूयताम्,7.2.C-,7.2.Dश्रु{कर्मणि लोट् प्रपु ए./श्रु-भावे},7.2.Eश्रु{कर्मणि लोट् प्रपु ए./श्रु-भावे},7.2.Fसुनिए,7.2.Gplease hear
इति,-,इति,इति,ऐसा,इति
च,-,च,च,भी,too
आ-मन्त्र्य,-,आ-मन्त्र्य{ल्यबन्तम्},आ-मन्त्र्य{ल्यबन्तम्},आह्वान करके,by drawing attention
प्र-हृष्टः,B-A,प्र-हृष्ट{1}{पुं-ए.},प्र-हृष्ट+{0/ने},प्रसन्न (होते हुए),being delighted
वाक्यम्,B-B,वाक्य{2}{नपुं-ए.},वाक्य+{को2},वचन,statement
अब्रवीत्,B-v,ब्रू{कर्तरि लुङ् प्रपु ए.},ब्रू{कर्तरि लुङ् प्रपु ए.},कहा,spoke out
6,-,6,6,6,6
8.1.Aबहवः,8.1.CB-A,8.1.Dबहु{1}{पुं-ब.},8.1.Eबहु+{0/ने},8.1.Fबहवः,8.1.Gmanifold
दुर्लभाः,B-A,दुर्लभ{1}{पुं-ब.},दुर्लभ+{0/ने},दु:ख से प्राप्त करने योग्य,rare
च,-,च,च,भी,too
एव,-,एव,एव,एव,एव
ये,B-A,यद्{1}{पुं-ब.},यद्+{0/ने},ये,those
त्वया,B-C,युष्मद्{3}{पुं-ए.},युष्मद्+{से3},आपके द्वारा,by you
कीर्तिताः,B-A,कीर्तित{1}{पुं-ब.},कीर्तित+{0/ने},कीर्तिताः,that have been described
गुणाः,B-A,गुण{1}{पुं-ब.},गुण+{0/ने},आदर्श गुण,virtues
8.2.Aमुने,8.2.CB-H,8.2.Dमुनि{8}{पुं-1-ए.},8.2.Eमुनि{8}{पुं-1-ए.},8.2.Fहे महर्षि वाल्मीकि,8.2.GO sage Valmiki
वक्ष्यामि,B-v,वच्{कर्तरि लृट् उपु ए.},वच्{कर्तरि लृट् उपु ए.},कहूँगा,shall tell
अहम्,B-A,अस्मद्{1}{सर्व-ए.},अस्मद्+{0/ने},मैं,I
बुद्ध्वा,-,बुद्ध्वा{क्त्वान्तम्},बुद्ध्वा{क्त्वान्तम्},समझकर,having considered
तैः,B-C,तत्{3}{पुं-ब.},तत्+{से3},उन (उक्त गुणों) से,with the said virtues
युक्तः,B-A,युक्त{1}{पुं-ए.},युक्त+{0/ने},सम्पन्न,associated
श्रूयताम्,-,श्रु{कर्मणि लोट् प्रपु ए./श्रु-भावे},श्रु{कर्मणि लोट् प्रपु ए./श्रु-भावे},सुनिए,please hear
नरः,B-A,नर{1}{पुं-ए.},नर+{0/ने},मानव,man
7,-,7,7,7,7
9.1.Aइक्ष्वाकुवंश-प्रभवः,9.1.CB-A,9.1.Dइक्ष्वाकुवंश-प्रभव{1}{पुं-ए.},9.1.Eइक्ष्वाकुवंश-प्रभव+{0/ने},9.1.Fइक्ष्वाकुवंश में उत्पन्न,9.1.Gborn in Ikshvaku dynasty
रामः-नाम,B-A,राम{1}{पुं-ए.}-नाम,राम+{0/ने},राम नाम से प्रसिद्ध,by the name 'Rama'
जनैः,B-C,जन{3}{पुं-ब.},जन+{से3},साधारण जनों के द्वारा,by common men
श्रुतः,B-A,श्रुत{1}{पुं-ए.},श्रुत+{0/ने},विज्ञात,known
9.2.Aनियतात्मा,9.2.CB-A,9.2.Dनियतात्मन्{1}{पुं-ए.},9.2.Eनियतात्मन्+{0/ने},9.2.Fस्वाधीन अन्त:करण वाला,9.2.Gself controlled
महा-वीर्यः,B-A,महा-वीर्य{1}{पुं-ए.},महा-वीर्य+{0/ने},अत्यधिक सामर्थ्यशाली,very powerful
द्युतिमान्,B-A,द्युतिमत्{1}{पुं-ए.},द्युतिमत्+{0/ने},कान्तियुक्त,radiant
धृतिमान्,B-A,धृतिमत्{1}{पुं-ए.},धृतिमत्+{0/ने},धैर्यशाली,resolute
वशी,B-A,वशिन्{1}{पुं-ए.},वशिन्+{0/ने},जितेन्द्रिय,one who has conquired over sense organs
8,-,8,8,8,8
10.1.Aबुद्धिमान्,10.1.CB-A,10.1.Dबुद्धिमत्{1}{पुं-ए.},10.1.Eबुद्धिमत्+{0/ने},10.1.Fप्रशस्त बुद्धि युक्त,10.1.Gintelligent
नीतिमान्,B-A,नीतिमत्{1}{पुं-ए.},नीतिमत्+{0/ने},नीति के ज्ञाता,sagacious
वाग्ग्मी,B-A,वाग्ग्मिन्{1}{पुं-ए.},वाग्ग्मिन्+{0/ने},अच्छा वक्ता,eloquent
श्रीमान्,B-A,श्रीमत्{1}{पुं-ए.},श्रीमत्+{0/ने},शोभा से युक्त,glorious
शत्रु-निबर्हणः,B-A,शत्रु-निबर्हण{1}{पुं-ए.},शत्रु-निबर्हण+{0/ने},शत्रु का नाश करने वाला,exterminator of foes
10.2.Aविपुलांसः,10.2.CB-A,10.2.Dविपुलांस{1}{पुं-ए.},10.2.Eविपुलांस+{0/ने},10.2.Fउन्नत स्कन्धा वाला,10.2.Gdistinguished with broad shoulder
महा-बाहुः,B-A,महा-बाहु{1}{पुं-ए.},महा-बाहु+{0/ने},विशाल बाँहा वाला,having powerful arms
कम्बु-ग्रीवः,B-A,कम्बु-ग्रीव{1}{पुं-ए.},कम्बु-ग्रीव+{0/ने},शंख सदृश ग्रीवा वाला,having a neck shaped as a conch
महा-हनुः,B-A,महा-हनु{1}{पुं-ए.},महा-हनु+{0/ने},पुष्ट ठुड्डी वाला,having stout chin
9,-,9,9,9,9
11.1.Aमहोरस्कः,11.1.CB-A,11.1.Dमहोरस्क{1}{पुं-ए.},11.1.Eमहोरस्क+{0/ने},11.1.Fविशाल छाती वाला,11.1.Gमहोरस्कः
महेष्वासः,B-A,महेष्वास{1}{पुं-ए.},महेष्वास+{0/ने},विशाल धनुषा वाला,holding mighty bow
गूढ-जत्रुः,B-A,गूढ-जत्रु{1}{पुं-ए.},गूढ-जत्रु+{0/ने},अप्रकाशित हँसुली (स्कन्ध की हड्डी) वाला,whose collar bone covered with flesh
अरिन्दमः,B-A,अरिन्दम{1}{पुं-ए.},अरिन्दम+{0/ने},शत्रुओं का दमन करने वाला,capable of subduing his foes
11.2.Aआ-जानु-बाहुः,11.2.CB-A,11.2.Dआ-जानु-बाहु{1}{पुं-ए.},11.2.Eआ-जानु-बाहु+{0/ने},11.2.Fघुटने तक लम्बी भुजाओं वाला,11.2.Gwhose arms extended right upto his knees
सु-शिराः,B-A,सुशिरस्{1}{पुं-ए.},सुशिरस्+{0/ने},सुन्दर शिर वाला,having well formed head
सु-ललाटः,B-A,सु-ललाट{1}{पुं-ए.},सु-ललाट+{0/ने},सुन्दर ललाट वाला,having shapely forehead
सु-विक्रमः,B-A,सु-विक्रम{1}{पुं-ए.},सु-विक्रम+{0/ने},सुन्दर गति से चलने वाला,possessed of charming gait
10,-,10,10,10,10
12.1.Aसमः,12.1.CB-A,12.1.Dसम{1}{पुं-ए.},12.1.Eसम+{0/ने},12.1.Fसमुचित आकार वाला,12.1.Gpossessed of medium stature
सम-विभक्ताङ्गः,B-A,सम-विभक्ताङ्ग{1}{पुं-ए.},सम-विभक्ताङ्ग+{0/ने},सुगठित अंगों वाला,having well proportionised limbs
स्निग्धवर्णः,B-A,स्निग्धवर्ण{1}{पुं-ए.},स्निग्धवर्ण+{0/ने},आकर्षक,having unctuous complexion
प्रतापवान्,B-A,प्रतापवत्{1}{पुं-ए.},प्रतापवत्+{0/ने},प्रभावी,mighty
12.2.Aपीन-वक्षाः,12.2.CB-A,12.2.Dपीन-वक्ष{1}{पुं-ए.},12.2.Eपीन-वक्ष+{0/ने},12.2.Fचौडी छाती वाला,12.2.Ghaving rounded chest
विशालाक्षः,B-A,विशालाक्ष{1}{पुं-ए.},विशालाक्ष+{0/ने},बडी-बडी आँखों वाला,having large eyes
लक्ष्मीवान्,B-A,लक्ष्मीवत्{1}{पुं-ए.},लक्ष्मीवत्+{0/ने},शोभासम्पन्न,full of splendour
शुभ-लक्षणः,B-A,शुभ-लक्षण{1}{पुं-ए.},शुभ-लक्षण+{0/ने},शुभ लक्षणों से युक्त,associated with auspicious marks
11,-,11,11,11,11
1.ASloka,1.C-,1.DSloka,1.ESloka,1.FSloka,1.GSloka
2.1.Aधर्मज्ञः,2.1.C-,2.1.Dधर्मज्ञ{1}{पुं-ए.},2.1.Eधर्मज्ञ+{0/ने},2.1.Fधर्म के ज्ञाता,2.1.GOne who knows the secret of virtues
सत्य-सन्धः,B-A,सत्यसन्ध{1}{पुं-ए.},सत्यसन्ध+{0/ने},सत्यनिष्ठ,true to his promise
च,-,च,च,और,and
प्रजानाम्,B-F,प्रजा{6}{स्त्री-ब.},प्रजा+{का},जनता के,of the people
च,-,च,च,और,and
हिते,B-G,हित{7}{नपुं-ए.},हित+{में/पर},कल्याण में,in the benefit
रतः,B-A,रत{1}{पुं-ए.},रत+{0/ने},लगे रहने वाले,intent
2.2.Aयशस्वी,2.2.CB-A,2.2.Dयशस्विन्{1}{पुं-ए.},2.2.Eयशस्विन्+{0/ने},2.2.Fयशस्वी,2.2.Gillustrious
ज्ञान-सम्पन्नः,B-A,ज्ञानसम्पन्न{1}{पुं-ए.},ज्ञानसम्पन्न+{0/ने},ज्ञानवान्,full of wisdom
शुचिः,B-A,शुचि{1}{पुं-ए.},शुचि+{0/ने},पवित्र आचरण वाले,pure in his dealing
वश्यः,B-A,वश्य{1}{पुं-ए.},वश्य+{0/ने},जितेन्द्रिय,self controlled
समाधिमान्,B-A,समाधिमत्{1}{पुं-ए.},समाधिमत्+{0/ने},योगी,having concentrated mind
12,-,12,12,12,12
3.1.Aप्रजा-पति-समः,3.1.CB-A,3.1.Dप्रजा-पति-सम{1}{पुं-ए.},3.1.Eप्रजा-पति-सम+{0/ने},3.1.Fब्रह्मा के समान,3.1.Glike the creator Brahma
श्रीमान्,B-A,श्रीमत्{1}{पुं-ए.},श्रीमत्+{0/ने},दिव्य विभूति वाले,affluent
धाता,B-A,धातृ{1}{पुं-ए.},धातृ+{0/ने},लोक के व्यवस्थापक,supporter of the Creation
रिपु-निषूदनः,B-A,रिपुनिषूदन{1}{पुं-ए.},रिपुनिषूदन+{0/ने},शत्रुओं के विनाशक,slayer of his enemies
3.2.Aरक्षिता,3.2.CB-A,3.2.Dरक्षितृ{1}{पुं-ए.},3.2.Eरक्षितृ+{0/ने},3.2.Fरक्षक,3.2.Gvindicator
जीव-लोकस्य,B-F,जीवलोक{6}{पुं-ए.},जीवलोक+{का},संसार के,of living beings
धर्मस्य,B-F,धर्म{6}{पुं-ए.},धर्म+{का},धर्म की,of faith
परि-रक्षिता,B-A,परि-रक्षितृ{1}{पुं-ए.},परि-रक्षितृ+{0/ने},रक्षा करने वाले,staunch defender
13,-,13,13,13,13
4.1.Aरक्षिता,4.1.CB-A,4.1.Dरक्षितृ{1}{पुं-ए.},4.1.Eरक्षितृ+{0/ने},4.1.Fरक्षक,4.1.Gvindicator
स्वस्य,B-F,स्व{6}{पुं-ए.},स्व+{का},अपने,of own
धर्मस्य,B-F,धर्म{6}{पुं-ए.},धर्म+{का},धर्म की,of faith
स्व-जनस्य,B-F,स्व-जन{6}{पुं-ए.},स्व-जन+{का},अपने लोगों के,of own people
च,-,च,च,और,and
रक्षिता,B-A,रक्षितृ{1}{पुं-ए.},रक्षितृ+{0/ने},रक्षक,vindicator
4.2.Aवेद-वेदाङ्ग-तत्व-ज्ञः,4.2.CB-A,4.2.Dवेदवेदाङ्गतत्वज्ञ{1}{पुं-ए.},4.2.Eवेदवेदाङ्गतत्वज्ञ+{0/ने},4.2.Fवेदों एवं वेदाङ्गों के रहस्य को जानने वाले,4.2.Gknower of the truth of Vedas and Vedangas
धनुः-वेदे,B-G,धनुर्वेद{7}{पुं-ए.},धनुर्वेद+{में/पर},धनुर्वेद में,in archery
च,-,च,च,और,and
नि-ष्ठितः,B-A,निष्ठित{1}{पुं-ए.},निष्ठित+{0/ने},पारङ्गत,pastmaster
14,-,14,14,14,14
5.1.Aसर्व-शास्त्रार्थ-तत्व-ज्ञः,5.1.C-,5.1.Dसर्वशास्त्रार्थतत्वज्ञः{1}{पुं-ए.},5.1.Eसर्वशास्त्रार्थतत्वज्ञः+{0/ने},5.1.Fशास्त्रों के मर्मज्ञ,5.1.Gknower of the real meaning of the scriptures
स्मृतिमान्,B-A,स्मृतिमत्{1}{पुं-ए.},स्मृतिमत्+{0/ने},दृढ स्मृतिवाले,possessed of sharp memory
प्रतिभानवान्,B-A,प्रतिभानवत्{1}{पुं-ए.},प्रतिभानवत्+{0/ने},विलक्षणबुद्धिसम्पन्न,possessed of quick wit
5.2.Aसर्व-लोक-प्रियः,5.2.CB-A,5.2.Dसर्व-लोक-प्रिय{1}{पुं-ए.},5.2.Eसर्व-लोक-प्रिय+{0/ने},5.2.Fसभी के प्रिय,5.2.Gpopular amongst the people
साधुः,B-A,साधु{1}{पुं-ए.},साधु+{0/ने},सज्जन,pious
अदीनात्मा,B-A,अदीनात्मन्{1}{पुं-ए.},अदीनात्मन्+{0/ने},अदीन स्वभाव वाले,high minded one
वि-चक्षणः,B-A,विचक्षण{1}{पुं-ए.},विचक्षण+{0/ने},विवेकयुक्त,clever
15,-,15,15,15,15
6.1.Aसर्वदा,6.1.C-,6.1.Dसर्वदा,6.1.Eसर्वदा,6.1.Fहमेशा,6.1.Galways
अभिगतः,B-A,अभिगत{1}{पुं-ए.},अभिगत+{0/ने},घिरा हुआ,persons sought
सद्भिः,B-C,सत्{3}{पुं-ब.},सत्+{से3},सज्जनों से,by righteous
समुद्रः,B-A,समुद्र{1}{पुं-ए.},समुद्र+{0/ने},समुद्र (की),ocean
इव,-,इव,इव,के समान,like
सिन्धुभिः,B-C,सिन्धु{3}{स्त्री-ब.},सिन्धु+{से3},नदियों से,by rivers
6.2.Aआर्यः,6.2.CB-A,6.2.Dआर्य{1}{पुं-ए.},6.2.Eआर्य+{0/ने},6.2.Fपूज्य,6.2.Gnoble
सर्व-समः,B-A,सर्व-सम{1}{पुं-ए.},सर्व-सम+{0/ने},सर्व-समान,alike to all
च,-,च,च,और,and
एव,-,एव,एव,भी,also
सदा,-,सदा,सदा,हमेशा,always
एव,-,एव,एव,भी,also
प्रिय-दर्शनः,B-A,प्रियदर्शन{1}{पुं-ए.},प्रियदर्शन+{0/ने},प्रिय दिखाई देनेवाले,possessed of pleasing appearance
16,-,16,16,16,16
7.1.Aसः,7.1.CB-A,7.1.Dतद्{1}{पुं-ए.},7.1.Eतद्+{0/ने},7.1.Fवह,7.1.Ghe
च,-,च,च,और,and
सर्व-गुणोपेतः,B-A,सर्वगुणोपेत{1}{पुं-ए.},सर्वगुणोपेत+{0/ने},सब गुणों से युक्त,endowed with all excellences
कौसल्यानन्द-वर्धनः,B-A,कौसल्यानन्दवर्धन{1}{पुं-ए.},कौसल्यानन्दवर्धन+{0/ने},कौसल्या के आनन्द को बढाने वाला,enhances the delight of Kausalya
7.2.Aसमुद्रः,7.2.CB-A,7.2.Dसमुद्र{1}{पुं-ए.},7.2.Eसमुद्र+{0/ने},7.2.Fसमुद्र (की),7.2.Gocean
इव,-,इव,इव,के समान,like
गाम्भीर्ये,B-G,गाम्भीर्य{7}{नपुं-ए.},गाम्भीर्य+{में/पर},गहराई में,in profoundity
धैर्येण,B-C,धैर्य{3}{पुं-ए.},धैर्य+{से3},धैर्य से,in firmness
हिमवान्,B-A,हिमवत्{1}{पुं-ए.},हिमवत्+{0/ने},हिमालय,Himalaya
इव,-,इव,इव,के समान,like
17,-,17,17,17,17
8.1.Aविष्णुना,8.1.CB-C,8.1.Dविष्णु{3}{पुं-ए.},8.1.Eविष्णु+{से3},8.1.Fविष्णु के,8.1.GVishnu
सदृशः,B-A,सदृश{1}{पुं-ए.},सदृश+{0/ने},समान,like
वीर्ये,B-G,वीर्य{7}{नपुं-ए.},वीर्य+{में/पर},पराक्रम में,in prowess
सोमवत्,B-A,सोमवत्{1}{पुं-ए.},सोमवत्+{0/ने},चन्द्र की तरह,like the moon
प्रिय-दर्शनः,B-A,प्रियदर्शन{1}{पुं-ए.},प्रियदर्शन+{0/ने},प्रिय दिखाई देनेवाले,possessed of pleasing appearance
8.2.Aकालाग्नि-सदृशः,8.2.CB-A,8.2.Dकालाग्नि-सदृश{1}{पुं-ए.},8.2.Eकालाग्नि-सदृश+{0/ने},8.2.Fकालाग्नि-समान,8.2.Gresembling the destructive fire
क्रोधे,B-G,क्रोध{7}{पुं-ए.},क्रोध+{में/पर},क्रोध में,in anger
क्षमया,B-C,क्षमा{3}{स्त्री-ए.},क्षमा+{से3},क्षमा में,in forbearance
पृथिवी-समः,B-A,पृथिवी-सम{1}{पुं-ए.},पृथिवी-सम+{0/ने},पृथिवी के समान,counter part of earth
18,-,18,18,18,18
9.1.Aधनदेन,9.1.CB-C,9.1.Dधनद{3}{पुं-ए.},9.1.Eधनद+{से3},9.1.Fकुबेर के,9.1.Gwith Kubera (the god of wealth)
समः,B-A,सम{1}{पुं-ए.},सम+{0/ने},समान,just like
त्यागे,B-G,त्याग{7}{पुं-ए.},त्याग+{में/पर},दान में,in liberality
सत्ये,B-G,सत्य{7}{नपुं-ए.},सत्य+{में/पर},सत्य में,in truthfulness
धर्मः,B-A,धर्म{1}{पुं-ए.},धर्म+{0/ने},धर्मदेव,the god of piety
इव,-,इव,इव,के समान,like
अपरः,B-A,अपर{1}{पुं-ए.},अपर+{0/ने},दूसरा,another
9.2.Aतम्,9.2.CB-B,9.2.Dतद्{2}{पुं-ए.},9.2.Eतद्+{को2},9.2.Fराम को,9.2.Gaforesaid
एवं-गुण-सम्पन्नम्,B-B,एवंगुणसम्पन्न{2}{पुं-ए.},एवंगुणसम्पन्न+{को2},पूर्व में कहे गए गुणों से सम्पन्न,endowed with the aforesaid qualities
रामम्,B-B,राम{2}{पुं-ए.},राम+{को2},राम,by shri Rama
सत्य-परा-क्रमम्,-,सत्य-परा-क्रम{2}{पुं-ए.},सत्य-परा-क्रम+{को2},अमोघ पराक्रम वाले,possessed of unfailing prowess
10.1.Aज्येष्ठं,10.1.CB-B,10.1.Dज्येष्ठ{2}{पुं-ए.},10.1.Eज्येष्ठ+{को2},10.1.Fसबसे बडे,10.1.Geldest
ज्येष्ठ-गुणैः,B-C,ज्येष्ठगुण{3}{पुं-ब.},ज्येष्ठगुण+{से3},उत्तम गुणों से,with highest virtues
युक्तम्,B-B,युक्त{2}{पुं-ए.},युक्त+{को2},लगे हुए,endowed
प्रियम्,B-B,प्रिय{2}{पुं-ए.},प्रिय+{को2},प्रिय,be loved
दशरथः,B-A,दशरथ{1}{पुं-ए.},दशरथ+{0/ने},दशरथ,Dasharatha
सुतम्,B-B,सुत{2}{पुं-ए.},सुत+{को2},पुत्र को,son
10.2.Aप्रकृतीनां,10.2.CB-F,10.2.Dप्रकृति{6}{स्त्री-ब.},10.2.Eप्रकृति+{का},10.2.Fप्रजा के,10.2.Gof the people
हितैः,B-C,हित{3}{नपुं-ब.},हित+{से3},कल्याण में,to the interests
युक्तम्,B-B,युक्त{2}{पुं-ए.},युक्त+{को2},लगे हुए,endowed
प्रकृति-प्रिय-काम्यया,B-C,प्रकृति-प्रिय-काम्या{3}{स्त्री-ए.},प्रकृति-प्रिय-काम्या+{से3},प्रजा कल्याण की इच्छा से,with intent to gratify the people
11.1.Aयौवराज्येन,11.1.CB-C,11.1.Dयौवराज्य{3}{नपुं-ए.},11.1.Eयौवराज्य+{से3},11.1.Fयौवराज्येन,11.1.Goffice of regent
संयोक्तुम्,-,संयोक्तुम्,संयोक्तुम्,आरूढ करने के लिए,to invest with office of regent
ऐच्छत्,B-v,इष{कर्तरि लङ् प्रपु एक},इष{कर्तरि लङ् प्रपु एक},चाहा,sought
प्रीत्या,B-C,प्रीति{3}{स्त्री-ए.},प्रीति+{से3},सहर्ष,lovingly
मही-पतिः,B-A,मही-पति{1}{पुं-ए.},मही-पति+{0/ने},राजा,Emperor
11.2.Aतस्य,11.2.CB-F,11.2.Dतद्{6}{पुं-ए.},11.2.Eतद्+{का},11.2.Fराम के,11.2.Gof Rama
अभिषेक-सम्भारान्,B-B,अभिषेक-संभार{2}{पुं-ब.},अभिषेक-संभार+{को2},अभिषेक प्रस्तुति को,preparations for coronation
दृष्ट्वा,-,दृष्ट्वा,दृष्ट्वा,देखकर,having witnessed
भार्या,B-A,भार्या{1}{स्त्री-ए.},भार्या+{0/ने},भार्या,spouse
अथ,-,अथ,अथ,इसके पश्चात्,After that
कैकयी,B-A,कैकयी{1}{स्त्री-ए.},कैकयी+{0/ने},केकय नरेश की पुत्री,Kaikeyi
21,-,21,21,21,21
12.1.Aपूर्वम्,12.1.CB-B,12.1.Dपूर्व{2}{नपुं-ए.},12.1.Eपूर्व+{को2},12.1.Fपूर्व में,12.1.Gon a former occassion
दत्त-वरा,B-A,दत्त-वरा{1}{स्त्री-ए.},दत्त-वरा+{0/ने},वर को प्राप्त की हुई,having granted a boon
देवी,B-A,देवी{1}{स्त्री-ए.},देवी+{0/ने},देवी,queen
वरम्,B-B,वर{2}{पुं-ए.},वर+{को2},वर,boon
एनम्,B-B,एतद्{2}{पुं-ए.},एतद्+{को2},दशरथ से,him(to Dasharatha)
अयाचत,B-v,याच्{कर्तरि लङ् प्रपु एक},याच्{कर्तरि लङ् प्रपु एक},मांगा,asked
12.2.Aवि-वासनम्,12.2.CB-B,12.2.Dवि-वासन{2}{नपुं-ए.},12.2.Eवि-वासन+{को2},12.2.Fनिर्वासनम्,12.2.Gexile (of Rama)
च,-,च,च,और,and
रामस्य,B-F,राम{6}{पुं-ए.},राम+{का},राम की,of Rama
भरतस्य,-,भरत{6}{पुं-ए.},भरत+{का},भरत का,of Barawa
अभि-षेचनम्,B-B,अभिषेचन{2}{नपुं-ए.},अभिषेचन+{को2},राज्याभिषेकम्,installation(of Bharata)
22,-,22,22,22,22
13.1.Aसः,13.1.CB-A,13.1.Dतद्{1}{पुं-ए.},13.1.Eतद्+{0/ने},13.1.Fवह,13.1.Ghe
सत्य-वचनात्,B-A,सत्यवचन{5}{पुं-ए.},सत्यवचन+{से},सत्य प्रतिज्ञ होने के कारण,due to his speaking the truth
राजा,B-A,राजन्{1}{पुं-ए.},राजन्+{0/ने},राजा,king
धर्म-पाशेन,B-C,धर्मपाश{3}{पुं-ए.},धर्मपाश+{से3},धर्म बन्धन से,by the tie of duty
संयतः,B-A,संयत{1}{पुं-ए.},संयत+{0/ने},बँधा हुआ,bound
13.2.Aवि-वासयामास,13.2.CB-v,13.2.Dवि+वस्+णिच्{कर्तरि लिट् प्रपु एक},13.2.Eवि+वस्+णिच्{कर्तरि लिट् प्रपु एक},13.2.Fनिर्वासित किया,13.2.Gexiled
सुतम्,B-B,सुत{2}{पुं-ए.},सुत+{को2},पुत्र को,son
रामम्,B-B,राम{2}{पुं-ए.},राम+{को2},राम,by shri Rama
दशरथः,B-A,दशरथ{1}{पुं-ए.},दशरथ+{0/ने},दशरथ,Dasharatha
प्रियम्,B-B,प्रिय{2}{पुं-ए.},प्रिय+{को2},प्रिय,be loved
14.1.Aसः,14.1.CB-A,14.1.Dतद्{1}{पुं-ए.},14.1.Eतद्+{0/ने},14.1.Fवह,14.1.Ghe
जगाम,B-v,गम्{कर्तरि लिट् प्रपु एक},गम्{कर्तरि लिट् प्रपु एक},गये,went
वनं,B-B,वन{2}{नपुं-ए.},वन+{को2},वन [को],to the forest
वीरः,B-A,वीर{1}{पुं-ए.},वीर+{0/ने},वीर,the hero (Rama)
प्रति-ज्ञाम्,B-B,प्रतिज्ञा{2}{स्त्री-ए.},प्रतिज्ञा+{को2},प्रतिज्ञा का,the pledge
अनु-पालयन्,-,अनु-पालयत्{1}{पुं-ए.},अनु-पालयत्+{0/ने},पालन करते हुए,in order to implement
14.2.Aपितुः,14.2.CB-F,14.2.Dपितृ{6}{पुं-ए.},14.2.Eपितृ+{का},14.2.Fपिता,14.2.Ghis father's
वचन-निर्देशात्,-,वचन-निर्देश{5}{पुं-ए.},वचन-निर्देश+{से},की आज्ञा से,in obedience to command
कैकेय्याः,-,कैकेयी{6}{पुं-ए.},कैकेयी+{का},कैकेयी की,Kaikeyi
प्रिय-कारणात्,-,प्रिय-कारण{5}{पुं-ए.},प्रिय-कारण+{से},प्रसन्नता के कारण,with a view to please
15.1.Aतम्,15.1.CB-B,15.1.Dतद्{2}{पुं-ए.},15.1.Eतद्+{को2},15.1.Fराम को,15.1.Gaforesaid
व्रजन्तम्,B-B,व्रजन्त{2}{पुं-ए.},व्रजन्त+{को2},जाते हुए,setting out
प्रियः,B-A,प्रिय{1}{पुं-ए.},प्रिय+{0/ने},प्रिय,loving
भ्राता,B-A,भ्रातृ{1}{पुं-ए.},भ्रातृ+{0/ने},भाई,younger brother
लक्ष्मणः,B-A,लक्ष्मण{1}{पुं-ए.},लक्ष्मण+{0/ने},लक्ष्मण,Lakshmana
अनु-जगाम,B-v,अनु-गम्{कर्तरि लिट् प्रपु एक},अनु-गम्{कर्तरि लिट् प्रपु एक},अनुसरण किया,followed
ह,-,ह,ह,ह,ह
15.2.Aस्नेहात्,15.2.CB-A,15.2.Dस्नेह{5}{पुं-ए.},15.2.Eस्नेह+{से},15.2.Fस्नेह से,15.2.Gout of affection
विनय-सम्पन्नः,B-A,विनयसम्पन्न{1}{पुं-ए.},विनयसम्पन्न+{0/ने},विनम्र,adorned with modesty
सुमित्रानन्द-वर्धनः,B-A,सुमित्रानन्दवर्धन{1}{पुं-ए.},सुमित्रानन्दवर्धन+{0/ने},सुमित्रा की प्रीति को बढाने वाले,one who enhanced the delight of(his mother) Sumitra
25,-,25,25,25,25
16.1.Aभ्रातरम्,16.1.CB-B,16.1.Dभ्रातृ{2}{पुं-ए.},16.1.Eभ्रातृ+{को2},16.1.Fभाई को,16.1.Gbrother
दयितः,B-A,दयित{1}{पुं-ए.},दयित+{0/ने},प्रिय,favorite
भ्रातुः,B-F,भ्रातृ{6}{पुं-ए.},भ्रातृ+{का},भाई के,of(his)brother
सौभ्रात्रम्,B-B,सौभ्रात्र{2}{नपुं-ए.},सौभ्रात्र+{को2},उत्तमभ्रातृत्व,his amicable brotherly relation
अनु-दर्शयन्,B-A,अनुदर्शयत्{1}{पुं-ए.},अनुदर्शयत्+{0/ने},प्रदर्शित करता हुआ,showing
16.2.Aरामस्य,16.2.CB-F,16.2.Dराम{6}{पुं-ए.},16.2.Eराम+{का},16.2.Fराम की,16.2.Gof Rama
दयिता,B-A,दयिता{1}{स्त्री-ए.},दयिता+{0/ने},प्रिया,the beloved
भार्या,B-A,भार्या{1}{स्त्री-ए.},भार्या+{0/ने},भार्या,spouse
नित्यं,B-B,नित्य{2}{नपुं-ए.},नित्य+{को2},हमेशा,ever
प्राण-समा,B-A,प्राणसमा{1}{स्त्री-ए.},प्राणसमा+{0/ने},प्राण-समा,dear(to him) as life
हिता,B-A,हिता{1}{स्त्री-ए.},हिता+{0/ने},हित करने वाली,friendly
26,-,26,26,26,26
17.1.Aजनकस्य,17.1.CB-F,17.1.Dजनक{6}{पुं-ए.},17.1.Eजनक+{का},17.1.Fमिथिला नरेश के,17.1.GJanaka's
कुले,B-G,कुल{7}{पुं-ए.},कुल+{में/पर},वंश में,in family
जाता,B-A,जाता{1}{स्त्री-ए.},जाता+{0/ने},उत्पन्न,born
देव-माया,B-A,देवमाया{1}{स्त्री-ए.},देवमाया+{0/ने},मोहिनी,like lord's wonderful poetency
इव,-,इव,इव,के समान,like
निर्मिता,B-A,निर्मिता{1}{स्त्री-ए.},निर्मिता+{0/ने},निर्मिता,manifested
17.2.Aसर्व-लक्षण-सम्पन्ना,17.2.CB-A,17.2.Dसर्वलक्षणसम्पन्ना{1}{स्त्री-ए.},17.2.Eसर्वलक्षणसम्पन्ना+{0/ने},17.2.Fसभी उत्तम स्त्री के लक्षण से युक्त,17.2.Gendowed with all auspicious marks
नारीणाम्,B-F,नारी{6}{स्त्री-ब.},नारी+{का},स्त्रियों में,amongst the women
उत्तमा,B-A,उत्तमा{1}{स्त्री-ए.},उत्तमा+{0/ने},श्रेष्ठ,best
वधूः,-,वधू{1}{स्त्री-ए.},वधू+{0/ने},वधू,the daughter-in-law
27,-,27,27,27,27
18.1.Aसीता,18.1.C-,18.1.Dसीता{1}{स्त्री-ए.},18.1.Eसीता+{0/ने},18.1.Fसीता,18.1.Gsita
अपि,-,अपि,अपि,भी,also
अनु-गता,-,अनु-गता{1}{स्त्री-ए.},अनु-गता+{0/ने},के पीछे गई,accompanied
रामम्,B-B,राम{2}{पुं-ए.},राम+{को2},राम,by shri Rama
शशिनम्,-,शशिन्{2}{पुं.-ए.},शशिन्{को2},चन्द्र,moon
रोहिणी,-,रोहिणी{1}{स्त्री-ए.},रोहिणी+{0/ने},चन्द्रमा की पत्नी रोहिणी,Rohini(wife of the moon)
यथा,-,यथा,यथा,के जैसे,like
18.2.Aपौरैः,18.2.CB-C,18.2.Dपौर{3}{पुं-ब.},18.2.Eपौर+{से3},18.2.Fपुरवासियों के द्वारा,18.2.Gby the citizens(of Ayodhya)
अनुगतः,B-A,अनुगत{1}{पुं-ए.},अनुगत+{0/ने},अनुसरण किया गया,followed
दूरम्,B-B,दूर{2}{नपुं-ए.},दूर+{को2},दूर तक,a far
पित्रा,B-C,पितृ{3}{पुं-ए.},पितृ+{से3},पिता,by father
दशरथेन,B-C,दशरथ{3}{पुं-ए.},दशरथ+{से3},दशरथ के द्वारा,by Dasharatha
च,-,च,च,और,and
28,-,28,28,28,28
19.1.Aशृङ्गवेर-पुरे,19.1.CB-G,19.1.Dशृङ्गवेरपुर{7}{नपुं-ए.},19.1.Eशृङ्गवेरपुर+{में/पर},19.1.Fशृङ्गवेरपुर में,19.1.Gat shringaverapura
सूतं,B-B,सूत{2}{पुं-ए.},सूत+{को2},सूतं,to the Charioteer
गङ्गा-कूले,B-G,गङ्गाकूल{7}{नपुं-ए.},गङ्गाकूल+{में/पर},गङ्गा के तीर पर,on the bank of Ganga
व्यसर्जयत्,B-v,वि सृज्+णिच्{कर्तरि लङ् प्रपु एक},वि सृज्+णिच्{कर्तरि लङ् प्रपु एक},लौटा दिया,sent away
19.2.Aगुहम्,19.2.CB-B,19.2.Dगुह{2}{पुं-ए.},19.2.Eगुह+{को2},19.2.Fगुह को,19.2.Gto Guha
आसाद्य,-,आसाद्य,आसाद्य,प्राप्त कर,having met
धर्मात्मा,B-A,धर्मात्मन्{1}{पुं-ए.},धर्मात्मन्+{0/ने},पुण्यात्मा (राम ने),virtue-incarnate
निषादाधिपतिं,B-B,निषादाधिपति{2}{पुं-ए.},निषादाधिपति+{को2},निषदों के राजा,the chief of Nishadas
प्रियम्,B-B,प्रिय{2}{पुं-ए.},प्रिय+{को2},प्रिय,be loved
29,-,29,29,29,29
20.1.Aगुहेन,20.1.CB-C,20.1.Dगुह{3}{पुं-ए.},20.1.Eगुह+{से3},20.1.Fगुह,20.1.GGuha by name
सहितः,B-A,सहित{1}{पुं-ए.},सहित+{0/ने},के साथ,accompanied
रामः,B-A,राम{1}{पुं-ए.},राम+{0/ने},राम,shri Rama
लक्ष्मणेन,B-C,लक्ष्मण{3}{पुं-ए.},लक्ष्मण+{से3},लक्ष्मण,Lakshmana
च,-,च,च,और,and
सीतया,B-C,सीता{3}{स्त्री-ए.},सीता+{से3},सीता,by Sita
20.2.Aते,20.2.CB-A,20.2.Dतद्{1}{पुं-ब.},20.2.Eतद्+{0/ने},20.2.Fवे,20.2.Gthey
वनेन,B-C,वन{3}{नपुं-ए.},वन+{से3},वन से,from forest
वनम्,B-B,वन{2}{नपुं-ए.},वन+{को2},वन [को],to forest
गत्वा,-,गत्वा,गत्वा,जाकर,having gone
नदीः,B-B,नदी{2}{स्त्री-ब.},नदी+{को2},नदियों को,rivers
तीर्त्वा,-,तीर्त्वा,तीर्त्वा,पार कर,having crossed
बहूदकाः,B-B,बहूदका{2}{स्त्री-ब.},बहूदका+{को2},गहरी,containing deep water
30,-,30,30,30,30
21.1.Aचित्रकूटम्,21.1.CB-B,21.1.Dचित्रकूट{2}{पुं-ए.},21.1.Eचित्रकूट+{को2},21.1.Fचित्रकूटनामक पर्वत को,21.1.GCitrakuta (mountain)
अनु-प्राप्य,-,अनुप्राप्य,अनुप्राप्य,प्राप्तकर,having reached
भरद्वाजस्य,B-F,भरद्वाज{6}{पुं-ए.},भरद्वाज+{का},भरद्वाज नामक ऋषि की,of the Bharadvaja
शासनात्,B-A,शासन{5}{पुं-ए.},शासन+{से},आज्ञा से,according to the instruction
21.2.Aरम्यम्,21.2.CB-B,21.2.Dरम्य{2}{पुं-ए.},21.2.Eरम्य+{को2},21.2.Fमनोहर,21.2.Glovely
आवसथं,B-B,आवसथ{2}{पुं-ए.},आवसथ+{को2},पर्णशाला को,cottage
कृत्वा,-,कृत्वा,कृत्वा,(करके) निर्माण करके,having built
रममाणाः,B-A,रममाण{1}{पुं-ब.},रममाण+{0/ने},विहार करते हुए,sporting
वने,B-G,वन{7}{नपुं-ए.},वन+{में/पर},वन में,in the forest
त्रयः,B-A,त्रि{1}{पुं-ब.},त्रि+{0/ने},तीनों{राम लक्ष्मण सीता} ने,three (Rama Lakshmana and Sita)
31,-,31,31,31,31
22.1.Aदेव-गन्धर्व-सङ्काशाः,22.1.CB-A,22.1.Dदेवगन्धर्वसङ्काश{1}{पुं-ब.},22.1.Eदेवगन्धर्वसङ्काश+{0/ने},22.1.Fदेवता और गन्धर्व के समान,22.1.Glike Gods and Gandharvas
तत्र,-,तत्र,तत्र,वहाँ,there
ते,B-A,तद्{1}{पुं-ब.},तद्+{0/ने},वे,they
न्यवसन्,B-v,नि+वस्{कतरि लङ् प्रपु बहु},नि+वस्{कतरि लङ् प्रपु बहु},निवास किया,sojourned
सुखम्,B-B,सुख{2}{नपुं-ए.},सुख+{को2},सुखपूर्वक,happily
1.ASloka,1.C-,1.DSloka,1.ESloka,1.FSloka,1.GSloka
2.1.Aचित्रकूटम्,2.1.CB-B,2.1.Dचित्रकूट{2}{पुं-ए.},2.1.Eचित्रकूट+{को2},2.1.Fचित्रकूट,2.1.Gto Citrakuta
गते,B-G,गत{7}{पुं-ए.},गत+{में/पर},चले जाने पर,having proceeded
रामे,B-G,राम{7}{पुं-ए.},राम+{में/पर},राम (के),shri Rama
पुत्र-शोकातुरः,B-A,पुत्रशोकातुर{1}{पुं-ए.},पुत्रशोकातुर+{0/ने},पुत्र शोक से व्याकुल,stricken with grief at the separation of his son
तथा,-,तथा,तथा,तथा,then
32,-,32,32,32,32
3.1.Aराजा,3.1.CB-A,3.1.Dराजन्{1}{पुं-ए.},3.1.Eराजन्+{0/ने},3.1.Fराजा,3.1.Gthe ruler(King)
दशरथः,B-A,दशरथ{1}{पुं-ए.},दशरथ+{0/ने},दशरथ,Dasharatha
स्वर्गम्,B-B,स्वर्ग{2}{पुं-ए.},स्वर्ग+{को2},स्वर्ग,to heaven
जगाम,B-v,गम्{कर्तरि लिट् प्रपु एक},गम्{कर्तरि लिट् प्रपु एक},गया,proceeded
वि-लपन्,B-A,विलपत्{1}{पुं-ए.},विलपत्+{0/ने},रोते हुए,bewailing
सुतम्,B-B,सुत{2}{पुं-ए.},सुत+{को2},सुतम्,son (Rama)
गते,B-G,गत{7}{पुं-ए.},गत+{में/पर},चले जाने पर,having proceeded
तु,-,तु,तु,किन्तु,but
तस्मिन्,B-G,तद्{7}{नपुं-ए.},तद्+{में/पर},उस (राजा दशरथ) के,तस्मिन्
भरतः,-,भरतः{1}{पुं-ए.},भरतः+{0/ने},भरत,Bharata
वसिष्ठ-प्रमुखैः,-,वसिष्ठ-प्रमुख{3}{पुं-ब.},वसिष्ठ-प्रमुख+{से3},वसिष्ठ की प्रधानता वाले,headed by the sage Vasishtha etc.
द्विजैः,B-C,द्विज{3}{पुं-ब.},द्विज+{से3},ब्राह्मणों के द्वारा,by the Brahmanas
33,-,33,33,33,33
4.1.Aनि-युज्यमानः,4.1.CB-A,4.1.Dनियुज्यमान{1}{पुं-ए.},4.1.Eनियुज्यमान+{0/ने},4.1.Fनियुक्त किया जाता हुआ,4.1.Gbeing urged
राज्याय,B-D,राज्य{4}{नपुं-ए.},राज्य+{को4},राज्य के लिए,to rule over the kingdom
न,-,न,न,न,(did)not
ऐच्छत्,B-v,इष{कर्तरि लङ् प्रपु एक},इष{कर्तरि लङ् प्रपु एक},चाहा,hanker
राज्यम्,B-B,राज्य{2}{नपुं-ए.},राज्य+{को2},राज्य,for the kingdom
महा-बलः,B-A,महाबल{1}{पुं-ए.},महाबल+{0/ने},महान् बली,very powerful
सः,B-A,तद्{1}{पुं-ए.},तद्+{0/ने},वह (भरत),he(Bharata)
जगाम,B-v,गम्{कर्तरि लिट् प्रपु एक},गम्{कर्तरि लिट् प्रपु एक},गया,proceeded
वनम्,B-B,वन{2}{नपुं-ए.},वन+{को2},वन,forest
वीरः,B-A,वीर{1}{पुं-ए.},वीर+{0/ने},वीर,the hero
राम-पाद-प्रसादकः,B-A,रामपादप्रसादक{1}{पुं-ए.},रामपादप्रसादक+{0/ने},राम चरण को प्रसन्न करने के लिए,in order to please the venerable Rama
34,-,34,34,34,34
5.1.Aगत्वा,5.1.C-,5.1.Dगत्वा,5.1.Eगत्वा,5.1.Fजा कर,5.1.Ghaving approached
तु,-,तु,तु,किन्तु,but
सः,B-A,तद्{1}{पुं-ए.},तद्+{0/ने},वह (भरत),he(Bharata)
महात्मानम्,B-B,महात्मन्{2}{पुं-ए.},महात्मन्+{को2},महात्मा,high souled
रामम्,B-B,राम{2}{पुं-ए.},राम+{को2},राम (से),to Rama
सत्य-पराक्रमम्,B-B,सत्यपराक्रम{2}{पुं-ए.},सत्यपराक्रम+{को2},सत्य पराक्रम वाले,having unfailing prowess
अयाचत्,B-v,याच्{कर्तरि लङ् प्रपु एक},याच्{कर्तरि लङ् प्रपु एक},माँगा,implored
भ्रातरम्,B-B,भ्रातृ{2}{पुं-ए.},भ्रातृ+{को2},भ्राता,brother
रामम्,B-B,राम{2}{पुं-ए.},राम+{को2},राम (से),to Rama
आर्य-भाव-पुरस्कृतः,B-A,आर्यभावपुरस्कृत{1}{पुं-ए.},आर्यभावपुरस्कृत+{0/ने},उच्चगुण सम्पन्न,rich in noble sentiment
35,-,35,35,35,35
6.1.Aत्वम्,6.1.CB-A,6.1.Dयुष्मद्{1}{ए.},6.1.Eयुष्मद्+{0/ने},6.1.Fतुम,6.1.Gyou
एव,-,एव,एव,ही,alone
राजा,B-A,राजन्{1}{पुं-ए.},राजन्+{0/ने},राजा,the ruler(King)
धर्म-ज्ञः,B-A,धर्मज्ञ{1}{पुं-ए.},धर्मज्ञ+{0/ने},धर्म के ज्ञाता,knower of right deed
इति,-,इति,इति,ऐसा,thus
रामम्,B-B,राम{2}{पुं-ए.},राम+{को2},राम (से),to Rama
वचः,B-B,वचस्{2}{नपुं-ए.},वचस्+{को2},वचन,(following)words
अब्रवीत्,B-v,ब्रू{कर्तरि लुङ् प्रपु ए.},ब्रू{कर्तरि लुङ् प्रपु ए.},कहा,spoke out
रामः,B-A,राम{1}{पुं-ए.},राम+{0/ने},राम,Rama (the son of Dasharatha)
अपि,-,अपि,अपि,भी,too
परमोदारः,B-A,परमोदार{1}{पुं-ए.},परमोदार+{0/ने},परम उदार ,supreme magnanimous
सु-मुखः,B-A,सुमुख{1}{पुं-ए.},सुमुख+{0/ने},सुन्दर मुख वाला,wearing a gracious aspect
सु-महा-यशाः,B-A,सुमहायशस्{1}{पुं-ए.},सुमहायशस्+{0/ने},सुविख्यात,enjoying a great renown
36,-,36,36,36,36
7.1.Aन,7.1.C-,7.1.Dन,7.1.Eन,7.1.Fन,7.1.G(did)not
च,-,च,च,भी,च
ऐच्छत्,B-v,इष{कर्तरि लङ् प्रपु एक},इष{कर्तरि लङ् प्रपु एक},चाहा,hanker
पितुः,B-F,पितृ{6}{पुं-ए.},पितृ+{का},पिता के,father's
आदेशात्,B-A,आदेश{5}{पुं-ए.},आदेश+{से},आदेश से,decree
राज्यम्,B-B,राज्य{2}{नपुं-ए.},राज्य+{को2},राज्य,for the kingdom
रामः,B-A,राम{1}{पुं-ए.},राम+{0/ने},राम,Rama (the son of Dasharatha)
महा-बलः,B-A,महाबल{1}{पुं-ए.},महाबल+{0/ने},महान् बली,very powerful
पादुके,B-B,पादुका{2}{स्त्री-द्वि.},पादुका+{को2},पादुका,pair of wooden sandals
च,-,च,च,भी,too
अस्य,B-F,इदम्{6}{ए.},इदम्+{का},अस्य,his
राज्याय,B-D,राज्य{4}{नपुं-ए.},राज्य+{को4},राज्य के लिए,to rule over the kingdom
न्यासम्,B-B,न्यास{2}{पुं-ए.},न्यास+{को2},धरोहर,(as his)representative
दत्वा,-,दत्वा,दत्वा,देकर,handing over
पुनः,-,पुनः,पुनः,पुनः,repeatedly
पुनः,-,पुनः,पुनः,पुनः,repeatedly
37,-,37,37,37,37
8.1.Aनि-वर्तयामास,8.1.CB-v,8.1.Dनि+वृत्+णिच्{कर्तरि लिट् प्रपु एक},8.1.Eनि+वृत्+णिच्{कर्तरि लिट् प्रपु एक},8.1.Fलौटाया,8.1.Gpersuaded (him) to return
ततः,B-A,तत{1}{पुं-ए.},तत+{0/ने},ततः,from there
भरतं,B-B,भरत{2}{पुं-ए.},भरत+{को2},भरत को,Bharata
भरताग्रजः,B-A,भरताग्रज{1}{पुं-ए.},भरताग्रज+{0/ने},भरत के अग्रज,the elder brother of Bharata
सः,B-A,तद्{1}{पुं-ए.},तद्+{0/ने},वह (भरत),he(Bharata)
कामम्,B-B,काम{2}{पुं-ए.},काम+{को2},मनोरथ को,(his)ambition
अनवाप्य,-,अनवाप्य,अनवाप्य,न प्राप्त कर,without realizing
एव,-,एव,एव,ही,alone
राम-पादौ,B-B,रामपाद{2}{पुं-द्वि.},रामपाद+{को2},राम के चरण को,the feet (of shri Rama)
उप-स्पृशन्,B-A,उपस्पृशत्-त्{1}{पुं-ए.},उपस्पृशत्-त्+{0/ने},नमस्कार करते हुऐ,by touching
38,-,38,38,38,38
9.1.Aनन्दि-ग्रामे,9.1.CB-G,9.1.Dनन्दिग्राम{7}{पुं-ए.},9.1.Eनन्दिग्राम+{में/पर},9.1.Fनन्दिग्राम नामक स्थान में,9.1.Gat Nandigrama
अकरोत्,B-v,कृ{कर्तरि लङ् प्रपु एक},कृ{कर्तरि लङ् प्रपु एक},किया,did
राज्यम्,B-B,राज्य{2}{नपुं-ए.},राज्य+{को2},राज्य,for the kingdom
राम-गमन-काङ्क्षया,B-C,राम-गमन-काङ्क्षा{3}{स्त्री-ए.},राम-गमन-काङ्क्षा+{से3},राम के आने की अभिलाषा से,longing for the return of shri Rama
गते,B-G,गत{7}{पुं-ए.},गत+{में/पर},चले जाने पर,having proceeded
तु,-,तु,तु,किन्तु,but
भरते,B-G,भरत{7}{पुं-ए.},भरत+{में/पर},भरत,Bharata
श्रीमान्,B-A,श्रीमत्{1}{पुं-ए.},श्रीमत्+{0/ने},श्रीसम्पन्न,the glorious
सत्य-सन्धः,B-A,सत्यसन्ध{1}{पुं-ए.},सत्यसन्ध+{0/ने},सत्यप्रतिज्ञ,of unfailing vow
जितेन्द्रियः,B-A,जितेन्द्रिय{1}{पुं-ए.},जितेन्द्रिय+{0/ने},जितेन्द्रिय,conquerer of sense organs
39,-,39,39,39,39
10.1.Aरामः,10.1.CB-A,10.1.Dराम{1}{पुं-ए.},10.1.Eराम+{0/ने},10.1.Fराम,10.1.GRama (the son of Dasharatha)
तु,-,तु,तु,किन्तु,but
पुनः,-,पुनः,पुनः,पुनः,the renewed
आ-लक्ष्य,-,आ-लक्ष्य,आ-लक्ष्य,विचार कर,anticipating
नागरस्य,B-F,नागर{6}{पुं-ए.},नागर+{का},नगरनिवासी,living in the city
जनस्य,B-F,जन{6}{पुं-ए.},जन+{का},लोगों के,of the people
च,-,च,च,भी,too
तत्र,-,तत्र,तत्र,चित्रकूट पर्वत पर,in Citrakuta-mountain
आ-गमनम्,B-B,आगमन{2}{नपुं-ए.},आगमन+{को2},आगमन,visit
एकाग्रः,B-A,एकाग्र{1}{पुं-ए.},एकाग्र+{0/ने},एकाग्र चित्तवाले,intent on one object
दण्डकान्,B-B,दण्डक{2}{पुं-ब.},दण्डक+{को2},दण्डक नाम के वन में,to Dandakaranya
प्र-विवेश,B-v,प्र+विश्{कर्तरि लिट् प्रपु एक},प्र+विश्{कर्तरि लिट् प्रपु एक},प्रवेश कर गये,entered
ह,-,ह,ह,ह,ह
40,-,40,40,40,40
1.Aश्लोक,1.C-,1.Dश्लोक,1.Eश्लोक,1.Fश्लोक,1.GSloka
2.1.Aप्र-विश्य,2.1.C-,2.1.Dप्रविश्य,2.1.Eप्रविश्य,2.1.Fप्रवेश कर,2.1.Ghaving entered
तु,-,तु,तु,और,and
महारण्यम्,B-B,महारण्य{2}{नपुं-ए.},महारण्य+{को2},विशाल वन (में),Great forest
रामः,B-A,राम{1}{पुं-ए.},राम+{0/ने},राम ने,Rama
राजीव-लोचनः,B-A,राजीव-लोचन{1}{पुं-ए.},राजीव-लोचन+{0/ने},कमल जैसे नेत्रों वाला,Lotus-eyed
विराधम्,B-B,विराध{2}{पुं-ए.},विराध+{को2},विराध को,Viradha
राक्षसम्,B-B,राक्षस{2}{पुं-ए.},राक्षस+{को2},राक्षस (से),demon
हत्वा,-,हत्वा,हत्वा,मारकर,having killed
शरभङ्कम्,-,शरभङ्क{2}{पुं-ए.},शरभङ्क+{को2},शरभङ्कम्,a sage called Sarabhanga
ददर्श,B-v,दृश्{कर्तरि लिट् प्रपु एक},दृश्{कर्तरि लिट् प्रपु एक},देखा,saw
ह,-,ह,ह,निश्चय ही,of course
41,-,41,41,41,41
3.1.Aसुतीक्ष्णम्,3.1.C-,3.1.Dसुतीक्ष्ण{2}{पुं-ए.},3.1.Eसुतीक्ष्ण+{को2},3.1.Fसुतीक्ष्ण को,3.1.Gsutikshna by name
च,-,च,च,भी,also
अपि,-,अपि,अपि,अपि,अपि
अगस्त्यम्,-,अगस्त्य{2}{पुं-ए.},अगस्त्य+{को2},अगस्त्य को,Agastya by name
च,-,च,च,भी,also
अगस्त्य-भ्रातरम्,B-B,अगस्त्य-भ्रातृ{2}{पुं-ए.},अगस्त्य-भ्रातृ+{को2},अगस्त्य के भ्राता को,to Agastya's brother
तथा,-,तथा,तथा,और,and
अगस्त्य-वचनात्,B-A,अगस्त्य-वचन{5}{नपुं-ए.},अगस्त्य-वचन+{से},अगस्त्य के कहने से,at the instance of Agastya
च,-,च,च,भी,also
एव,-,एव,एव,ही,alone
जग्राह,B-v,ग्रह्{कर्तरि लिट् प्रपु एक},ग्रह्{कर्तरि लिट् प्रपु एक},लिया,accepted
ऐन्द्रम्,B-B,ऐन्द्र{2}{नपुं-ए.},ऐन्द्र+{को2},इन्द्र के द्वारा प्रदत्त,bestowed by Indra
शरासनम्,B-B,शरासन{2}{नपुं-ए.},शरासन+{को2},धनुष को,a bow
4.1.Aखड्गम्,4.1.CB-A,4.1.Dखड्ग{1}{पुं-ए.},4.1.Eखड्ग+{0/ने},4.1.Fतलवार को,4.1.Ga sword
च,-,च,च,भी,also
परम-प्रीतः,B-A,परम-प्रीत{1}{पुं-ए.},परम-प्रीत+{0/ने},अत्यधिक प्रसन्न,with supreme delight
तूणी,B-B,तूणि{2}{पुं-द्वि.},तूणि+{को2},निषङ्गों को,a pair of quivers 
च,-,च,च,भी,also
अक्षय-सायकौ,B-B,अक्षय-सायक{2}{पुं-द्वि.},अक्षय-सायक+{को2},विनाश रहित बाणा वाले,containing inexhaustible store of arrows
वसतः,B-F,वसत्{6}{पुं-ए.},वसत्+{का},निवास करते हुए,dwelling
तस्य,B-F,तद्{6}{पुं-ए.},तद्+{का},उसके,his
रामस्य,B-F,राम{6}{पुं-ए.},राम+{का},राम के,rAma's
वने,B-G,वन{7}{नपुं-ए.},वन+{में/पर},वन में,in forest
वन-चरैः,B-C,वन-चर{3}{पुं-ब.},वन-चर+{से3},वनचरों के,the foresters
सह,-,सह,सह,साथ,with
43,-,43,43,43,43
5.1.Aऋषयः,5.1.CB-A,5.1.Dऋषि{1}{पुं-ब.},5.1.Eऋषि+{0/ने},5.1.Fमुनियों ने,5.1.Gthe seers
अभ्यागमन्,B-v,अभि+आ+गम्{कर्तरि लुङ् प्रपु बहु},अभि+आ+गम्{कर्तरि लुङ् प्रपु बहु},आए,called on
सर्वे,B-A,सर्व{1}{पुं-ब.},सर्व+{0/ने},सभी,all
वधाय,B-D,वध{4}{पुं-ए.},वध+{को4},वध के लिए,for killing
असुर-रक्षसाम्,B-F,असुररक्षस्{6}{नपुं-ब.},असुररक्षस्+{का},असुर-असुरा के,of demons
सः,B-A,तद्{1}{पुं-ए.},तद्+{0/ने},वह (राम),he (Rama)
तेषाम्,-,तद्{6}{पुं-ब.},तद्+{का},उनके (राक्षसों के),their
प्रति-शुश्राव,-,प्रति-श्रु{कर्तरि लिट् प्रपु एक},प्रति-शुश्राव{कर्तरि लिट् प्रपु एक},स्वीकार किया,accepted
राक्षसानाम्,B-F,राक्षस{6}{पुं-ब.},राक्षस+{का},राक्षसा के (वध),of the demons
तदा,-,तदा,तदा,उसी समय,at that time
वने,B-G,वन{7}{नपुं-ए.},वन+{में/पर},वन में,in forest
44,-,44,44,44,44
6.1.Aप्रति-ज्ञातः,6.1.CB-A,6.1.Dप्रतिज्ञात{1}{पुं-ए.},6.1.Eप्रतिज्ञात+{0/ने},6.1.Fप्रतिज्ञा की,6.1.Gsolemnly promised
च,-,च,च,भी,also
रामेण,B-C,राम{3}{पुं-ए.},राम+{से3},दशरथ के पुत्र राम द्वारा,by Rama
वधः,B-A,वध{1}{पुं-ए.},वध+{0/ने},संहार,the killing
संयति,B-G,संयत्{7}{स्त्री-ए.},संयत्+{में/पर},युद्ध में,in an encounter
रक्षसाम्,B-F,रक्षस्{6}{नपुं-ब.},रक्षस्+{का},असुरा के,of demons
ऋषीणाम्,B-F,ऋषि{6}{पुं-ब.},ऋषि+{का},ऋषियों का,of the seers
अग्नि-कल्पानाम्,B-F,अग्नि-कल्प{6}{पुं-ब.},अग्नि-कल्प+{का},अग्नि के समान,glorious as fire
दण्डकारण्य-वासिनाम्,B-F,दण्डकारण्य-वासिन्{6}{पुं-ब.},दण्डकारण्य-वासिन्+{का},दण्डकारण्य में निवास करने वाले,dwelling in the forest of Dandaka
7.1.Aतेन,7.1.CB-C,7.1.Dतद्{3}{नपुं/पुं.-ए.},7.1.Eतद्+{से3},7.1.Fउसके (राम) द्वारा,7.1.Gby him (Rama)
तत्र,-,तत्र,तत्र,उस वन में,in forest
एव,-,एव,एव,ही,alone
वसता,B-C,वसत्{3}{पुं-ए.},वसत्+{से3},रहते हुए,while living
जनस्थान-निवासिनी,-,जनस्थान-निवासिनी{1}{स्त्री-ए.},जनस्थान-निवासिनी+{0/ने},जनस्थान में रहने वाली,dwelling in Janasthana
वि-रूपिता,-,वि-रूपिता{1}{स्त्री-ए.},वि-रूपिता+{0/ने},विरूप की गयी,lopped off
शूर्पणखा,-,शूर्पणखा{1}{स्त्री-ए.},शूर्पणखा{0/ने},शूर्पणखा,"shurpanakhaa, by name"
राक्षसी,-,राक्षसी{1}{स्त्री-ए.},राक्षसी{0/ने},राक्षसी,demoness
काम-रूपिणी,-,काम-रूपिणी{1}{स्त्री-ए.},काम-रूपिणी{0/ने},इच्छानुसार रूप बनाने वाली,capable of assuming any form at will
8.1.Aततः,8.1.CB-A,8.1.Dततः,8.1.Eततः,8.1.Fउसके बाद,8.1.Gthen
शूर्पणखा-वाक्यात्,-,शूर्पणखा-वाक्य{5}{नपुं-ए.},शूर्पणखा-वाक्य+{से},शूर्पणखा के वचन से,at the instigation of shurrpanakha
उद्युक्तान्,B-B,उद्युक्त{2}{पुं-ब.},उद्युक्त+{को2},युद्ध हेतु तत्पर,prepared for battle
सर्व-राक्षसान्,B-B,सर्व-राक्षस{2}{पुं-ब.},सर्व-राक्षस+{को2},सभी राक्षसों को,सर्व-राक्षसान्
खरं,B-B,खर{2}{पुं-ए.},खर+{को2},खरनामक,Khara by name
त्रि-शिरसं,-,त्रि-शिरस{2}{पुं-ए.},त्रि-शिरस+{को2},त्रिशिरा नामक,"Trishir,by name"
च,-,च,च,भी,also
एव,-,एव,एव,ही,alone
दूषणं,B-B,दूषण{2}{पुं-ए.},दूषण+{को2},दूषण नामक,Dushana by name
च,-,च,च,भी,also
एव,-,एव,एव,ही,alone
राक्षसम्,B-B,राक्षस{2}{पुं-ए.},राक्षस+{को2},राक्षस (से),demon
47,-,47,47,47,47
9.1.Aनि-जघान,9.1.CB-v,9.1.Dनि+हन्{कर्तरि लिट् प्रपु एक},9.1.Eनि+हन्{कर्तरि लिट् प्रपु एक},9.1.Fमारा,9.1.Gkilled
रणे,-,रण{7}{पुं-ए.},रण+{में/पर},युद्ध में,in an encounter
रामः,B-A,राम{1}{पुं-ए.},राम+{0/ने},राम ने,Rama
तेषाम्,-,तद्{6}{पुं-ब.},तद्+{का},उनके (राक्षसा के),their
च,-,च,च,भी,also
एव,-,एव,एव,ही,alone
पदानुगान्,-,पदानुग{2}{पुं-ब.},पदानुग+{को2},अनुयायियों को,followers
वने,B-G,वन{7}{नपुं-ए.},वन+{में/पर},वन में,in forest
तस्मिन्,B-G,तद्{7}{नपुं-ए.},तद्+{में/पर},उस में,in that place
निवसता,B-C,निवसत्{3}{पुं-ए.},निवसत्+{से3},रहते हुए,by Rama while sojourning
जन-स्थान-निवासिनाम्,-,जन-स्थान-निवासिन्{6}{पुं-ब.},जन-स्थान-निवासिन्+{का},दण्डकारण्यवासियों,living in Janasthana
10.1.Aरक्षसाम्,10.1.CB-F,10.1.Dरक्षस्{6}{नपुं-ब.},10.1.Eरक्षस्+{का},10.1.Fअसुरों के,10.1.Gof demons
नि-हतानि,-,नि-हत{1}{नपुं-ब.},नि-हत+{0/ने},मारे गए,killed
आसन्,B-v,अस्{कर्तरि लङ् प्रपु बहु},अस्{कर्तरि लङ् प्रपु बहु},थे,were
सहस्राणि,B-A,सहस्र{1}{नपुं-ब.},सहस्र+{0/ने},हजार,thousand
चतुर्दश,B-A,चतुर्दशन्{1}{नपुं-ब.},चतुर्दशन्+{0/ने},चौदह,fourteen
ततः,B-A,ततः,ततः,उसके बाद,then
ज्ञाति-वधम्,B-B,ज्ञाति-वध{2}{पुं-ए.},ज्ञाति-वध+{को2},ज्ञाति-वधम्,the killing of kinsmen
श्रुत्वा,-,श्रु{क्त्वान्तम्},श्रु{क्त्वान्तम्},सुनकर,having heard
रावणः,B-A,रावण{1}{पुं-ए.},रावण+{0/ने},रावणः,Ravana
क्रोध-मूर्च्छितः,B-A,क्रोध-मूर्छित{1}{पुं-ए.},क्रोध-मूर्छित+{0/ने},क्रोध से मूर्छित,stupefied through anger
11.1.Aसहायम्,11.1.C-,11.1.Dसहाय{2}{पुं-ए.},11.1.Eसहाय+{को2},11.1.Fसहयोग,11.1.Gthe help
वरयामास,-,वरयामास,वरयामास,मांगा,sought
मारीचम्,-,मारीच{2}{नपुं-ए.},मारीच+{को2},मारीचम्,Maricha
नाम,-,नाम{1}{नपुं-ए.},नाम+{0/ने},नाम से प्रसिद्ध,by name
राक्षसम्,B-B,राक्षस{2}{पुं-ए.},राक्षस+{को2},राक्षस (से),demon
1.Aश्लोक,1.C-,1.Dश्लोक,1.Eश्लोक,1.Fश्लोक,1.Gश्लोक
2.1.Aवार्यमाणः,2.1.CB-A,2.1.Dवार्यमाण{1}{पुं-ए.},2.1.Eवार्यमाण+{0/ने},2.1.Fरोका गया,2.1.Gdiscouraged
सु-बहुशः,-,सु-बहुशः,सु-बहुशः,बार-बार,repeatedly
मारीचेन,B-C,मारीच{3}{पुं-ए.},मारीच+{से3},मारीच के द्वारा,by Marica
सः,B-A,तद्{1}{पुं-ए.},तद्+{0/ने},वह राम,he (Rama)
रावणः,B-A,रावण{1}{पुं-ए.},रावण+{0/ने},रावण,Ravana
न,-,न,न,नहीं (है),not
विरोधः,B-A,विरोध{1}{पुं-ए.},विरोध+{0/ने},विरोध,to make enemy
बलवता,B-C,बलवत्{3}{पुं-ए.},बलवत्+{से3},बलवान्,powerful (Rama)
क्षमः,B-A,क्षम{1}{पुं-ए.},क्षम+{0/ने},उचित,advisable
रावण,B-H,रावण{8}{पुं-ए.},रावण{8}{पुं-ए.},रावण,Ravana
तेन,B-C,तद्{3}{नपुं/पुं.-ए.},तद्+{से3},उस से,in that
ते,B-A,तद्{1}{पुं-ब.},तद्+{0/ने},तुम्हारा,for you
3.1.Aअनादृत्य,3.1.C-,3.1.Dअनादृत्य,3.1.Eअनादृत्य,3.1.Fअनादृत करके,3.1.Gturning adeaf ear
तु,-,तु,तु,तु,तु
तद्वाक्यं,B-B,तद्वाक्य{2}{नपुं-ए.},तद्वाक्य+{को2},उसके वचन को,to his advice
रावणः,B-A,रावण{1}{पुं-ए.},रावण+{0/ने},रावण,Ravana
काल-चोदितः,-,काल-चोदित{1}{पुं-ए.},काल-चोदित+{0/ने},मृत्यु के द्वारा प्रेरित,impelled by death
जगाम,B-v,गम्{कर्तरि लिट् प्रपु एक},गम्{कर्तरि लिट् प्रपु एक},गया,proceeded
सह-मारीचः,-,सह-मारीच{1}{पुं-ए.},सह-मारीच+{0/ने},सह-मारीचः,along with Marica
तस्य,B-F,तद्{6}{पुं-ए.},तद्+{का},राम के,Rama's
आश्रम-पदं,-,आश्रम-पद{2}{पुं-ए.},आश्रम-पद+{को2},आश्रम स्थान को,hermitage
तदा,-,तदा,तदा,तब,then
4.1.Aतेन,4.1.CB-C,4.1.Dतद्{3}{नपुं/पुं.-ए.},4.1.Eतद्+{से3},4.1.Fउस से,4.1.Gin that
मायाविना,B-C,मायाविन्{3}{पुं-ए.},मायाविन्+{से3},मायावी के द्वारा,by the wily(Marica)
दूरम्,B-B,दूर{2}{नपुं-ए.},दूर+{को2},दूर स्थान में,afar
अपवाह्य,-,अपवाह्य,अपवाह्य,हटाकर,having removed
नृपात्मजौ,B-B,नृपात्मज{2}{पुं-द्वि.},नृपात्मज+{को2},दोना राजपुत्रा को,two princes (Rama and Lakshmana)
जहार,B-v,हृ{कर्तरि लिट् प्रपु एक},हृ{कर्तरि लिट् प्रपु एक},चुरा ले गया,stole away
भार्याम्,B-B,भार्या{2}{स्त्री-ए.},भार्या+{को2},पत्नी को,wife
रामस्य,B-F,राम{6}{पुं-ए.},राम+{का},राम की,Rama's
गृध्रम्,B-B,गृध्र{2}{पुं-ए.},गृध्र+{को2},गिद्ध,the vulture
हत्वा,-,हत्वा,हत्वा,मारकर,having killed
जटायुषम्,B-B,जटायुष{2}{पुं-ए.},जटायुष+{को2},जटायु (का),Jatayu by name
5.1.Aगृध्रम्,5.1.CB-B,5.1.Dगृध्र{2}{पुं-ए.},5.1.Eगृध्र+{को2},5.1.Fगिद्ध,5.1.Gthe vulture
च,-,च,च,और,and
नि-हतम्,-,नि-हत{1}{नपुं-ए.},नि-हत+{0/ने},मरणासन्न,mortally wounded
दृष्ट्वा,-,दृष्ट्वा,दृष्ट्वा,देख कर,having seen
हृतां,B-B,हृता{2}{स्त्री-ए.},हृता+{को2},अपहृता,forcibly carried off
श्रुत्वा,-,श्रु{क्त्वान्तम्},श्रु{क्त्वान्तम्},सुनकर,having heard
च,-,च,च,और,and
मैथिलीम्,B-B,मैथिली{2}{स्त्री-ए.},मैथिली+{को2},सीता को,Maithili (Sita)
राघवः,B-A,राघव{1}{पुं-ए.},राघव+{0/ने},राम (ने),a scion of Raghu
शोक-सन्तप्तः,-,शोक-सन्तप्त{1}{पुं-ए.},शोक-सन्तप्त+{0/ने},दुःखित,tormented with grief
वि-ललाप,-,वि-ललाप,वि-ललाप,विलाप किया,wailed loudly
आकुलेन्द्रियः,B-A,आकुलेन्द्रिय{1}{पुं-ए.},आकुलेन्द्रिय+{0/ने},व्यथित,mind agitated
6.1.Aततः,6.1.CB-A,6.1.Dततः,6.1.Eततः,6.1.Fउसके बाद,6.1.Gthen
तेन,B-C,तद्{3}{नपुं/पुं.-ए.},तद्+{से3},उस से,in that
एव,-,एव,एव,ही,also
शोकेन,B-C,शोक{3}{पुं-ए.},शोक+{से3},शोक से,in state of grief
गृध्रम्,B-B,गृध्र{2}{पुं-ए.},गृध्र+{को2},गिद्ध,the vulture
दग्ध्वा,-,दग्ध्वा,दग्ध्वा,दाह संस्कार करके,having cremated
जटायुषम्,B-B,जटायुष{2}{पुं-ए.},जटायुष+{को2},जटायु (का),Jatayu by name
मार्गमाणः,B-A,मार्गमाण{1}{पुं-ए.},मार्गमाण+{0/ने},खोजते हुए,hunting up
वने,B-G,वन{7}{नपुं-ए.},वन+{में/पर},वन में,in the forest
सीताम्,B-B,सीता{2}{स्त्री-ए.},सीता+{को2},सीता को,Sita
राक्षसम्,B-B,राक्षस{2}{पुं-ए.},राक्षस+{को2},राक्षस को,demon
सं-ददर्श,B-v,सं-दृश्{कर्तरि लिट् प्रपु एक},सं-दृश्{कर्तरि लिट् प्रपु एक},देखा,saw
ह,-,ह,ह,(प्रसिद्धार्थक अव्यय),so the tradition goes
7.1.Aकबन्धम्,7.1.CB-B,7.1.Dकबन्ध{2}{पुं-ए.},7.1.Eकबन्ध+{को2},7.1.Fकबन्ध को,7.1.Gto Kabandha
नाम,-,नाम,नाम,नामक,by name
रूपेण,B-C,रूप{3}{नपुं-ए.},रूप+{से3},रूप से,of body
वि-कृतम्,-,वि-कृत{2}{पुं-ए.},वि-कृत+{को2},विकृत,deformed
घोर-दर्शनम्,-,घोर-दर्शन{2}{पुं-ए.},घोर-दर्शन+{को2},भयङ्कर,having terrible look
तम्,B-B,तद्{2}{पुं-ए.},तद्+{को2},उसको,him
निहत्य,-,निहत्य,निहत्य,मारकर,having killed
महा-बाहुः,B-A,महा-बाहु{1}{पुं-ए.},महा-बाहु+{0/ने},लम्बी भुजाओं वाले राम ने,the mighty armed Rama
ददाह,B-v,दह्{कर्तरि लिट् प्रपु एक},दह्{कर्तरि लिट् प्रपु एक},दहन किया,cremated
स्वः,-,स्वः,स्वः,स्वर्ग,to heaven
गतः,B-A,गत{1}{पुं-ए.},गत+{0/ने},चला गया,ascended
च,-,च,च,और,and
सः,B-A,तद्{1}{पुं-ए.},तद्+{0/ने},वह राम,he (Rama)
8.1.Aस,8.1.C-,8.1.Dस,8.1.Eस,8.1.Fवह,8.1.Gthat
च,-,च,च,और,and
अस्य,B-F,इदम्{6}{ए.},इदम्+{का},राम को,to Rama
कथयामास,B-v,कथ+णिच्{कर्तरि लिट् प्रपु एक},कथ+णिच्{कर्तरि लिट् प्रपु एक},कहा,said
शबरीम्,B-B,शबरी{2}{स्त्री-ए.},शबरी+{को2},शबरी (के पास),to shabari
धर्म-चारिणीम्,-,धर्म-चारिणी{2}{स्त्री-ए.},धर्म-चारिणी+{को2},धर्माचरण करने वाली,to pious
श्रमणाम्,B-B,श्रमणा{2}{स्त्री-ए.},श्रमणा+{को2},सन्यासिनी,hermitess
धर्म-निपुणाम्,-,धर्म-निपुणा{2}{स्त्री-ए.},धर्म-निपुणा+{को2},धर्मशीला,well-versed in the principles of right piousness
अभि-गच्छ,-,अभि-गच्छ,अभि-गच्छ,जाओ,go
इति,-,इति,इति,ऐसा,having said that
राघव,-,राघव{8/1}{पुं-ए.},राघव{8/1}{पुं-ए.},राघव,Raghava
9.1.Aसः,9.1.CB-A,9.1.Dतद्{1}{पुं-ए.},9.1.Eतद्+{0/ने},9.1.Fवह राम,9.1.Ghe (Rama)
अभ्यगच्छत्,B-v,अभि+गम्{कर्तरि लङ् प्रपु एक},अभि+गम्{कर्तरि लङ् प्रपु एक},गया,approached
महा-तेजाः,-,महा-तेजस्{1}{पुं-ए.},महा-तेजस्+{0/ने},अत्यन्त तेजस्वी,the highly glorious
शबरीम्,B-B,शबरी{2}{स्त्री-ए.},शबरी+{को2},शबरी (के पास),to shabari
शत्रु-सूदनः,-,शत्रु-सूदन{1}{पुं-ए.},शत्रु-सूदन+{0/ने},शत्रुओं के विनाशक,the destroyer of foes
शबर्या,B-C,शबरी{3}{स्त्री-ए.},शबरी+{से3},शबरी के द्वारा,by shabari
पूजितः,B-A,पूजित{1}{पुं-ए.},पूजित+{0/ने},पूजित हुए,worshipped
सम्यक्,-,सम्यक्,सम्यक्,भली भाँति,duly
रामः,B-A,राम{1}{पुं-ए.},राम+{0/ने},राम,shri Rama by name
दशरथात्मजः,B-A,दशरथात्मज{1}{पुं-ए.},दशरथात्मज+{0/ने},दशरथ पुत्र,the son of Dasharatha
10.1.Aपम्पा-तीरे,10.1.CB-G,10.1.Dपम्पा-तीर{7}{नपुं-ए.},10.1.Eपम्पा-तीर+{में/पर},10.1.Fपम्पा नामक सरोवर के किनारे,10.1.Gon the bank of pampa lake
हनुमता,B-C,हनुमत्{3}{पुं-ए.},हनुमत्+{से3},हनुमान् के साथ,with Hanuman
सङ्गतः,B-A,सङ्गत{1}{पुं-ए.},सङ्गत+{0/ने},मिला,came in contact
वानरेण,B-C,वानर{3}{पुं-ए.},वानर+{से3},बन्दर,monkey
ह,-,ह,ह,(प्रसिद्धार्थक अव्यय),so the tradition goes
हनुमद्-वचनात्,B-A,हनुमद्-वचन{5}{नपुं-ए.},हनुमद्-वचन+{से},और हनुमान के कहने,and at the intercession of Hanuman
च,-,च,च,और,and
एव,-,एव,एव,ही,also
सुग्रीवेण,B-C,सुग्रीव{3}{पुं-ए.},सुग्रीव+{से3},सुग्रीव से,Sugriva
समागतः,B-A,समागत{1}{पुं-ए.},समागत+{0/ने},मिला,made friendship
11.1.Aसुग्रीवाय,11.1.CB-D,11.1.Dसुग्रीवाय{4}{पुं-ए.},11.1.Eसुग्रीवाय+{को4},11.1.Fसुग्रीव को,11.1.Gto Sugriva
च,-,च,च,और,and
तत्सर्वं,-,तत्सर्वं,तत्सर्वं,तत्सर्वं,that all
शंसत्,B-v,शंस्{कर्तरि लङ् प्रपु एक},शंस्{कर्तरि लङ् प्रपु एक},सुनाया,narrated
रामः,B-A,राम{1}{पुं-ए.},राम+{0/ने},राम,shri Rama by name
महा-बलः,B-A,महाबल{1}{पुं-ए.},महाबल+{0/ने},महा-बलः,exceedingly powerful(Rama)
1.Aश्लोक,1.C-,1.Dश्लोक,1.Eश्लोक,1.Fश्लोक,1.Gश्लोक
2.1.Aसुग्रीवः,2.1.CB-A,2.1.Dसुग्रीव{1}{पुं-ए.},2.1.Eसुग्रीव+{0/ने},2.1.Fसुग्रीव,2.1.GSugriva
अपि,-,अपि,अपि,अपि,too
तत्,B-B,तद्{2}{नपुं-ए.},तद्+{को2},वह,that
सर्वं,B-B,सर्व{2}{नपुं-ए.},सर्व+{को2},सर्वं,the whole
श्रुत्वा,-,श्रु{क्त्वान्तम्},श्रु{क्त्वान्तम्},सुनकर,having heard
रामस्य,B-F,राम{6}{पुं-ए.},राम+{का},राम का,of Rama
वानरः,B-A,वानर{1}{पुं-ए.},वानर+{0/ने},वानर,the monkey
3.1.Aचकार,3.1.CB-v,3.1.Dकृ{कर्तरि लिट् प्रपु एक},3.1.Eकृ{कर्तरि लिट् प्रपु एक},3.1.Fकिया,3.1.Gmade
सख्यं,B-B,सख्य{2}{नपुं-ए.},सख्य+{को2},मित्रता,friendship
रामेण,B-C,राम{3}{पुं-ए.},राम+{से3},राम के द्वारा,by shri Rama
प्रीतः,B-A,प्रीत{1}{पुं-ए.},प्रीत+{0/ने},प्रसन्न,pleased
च,-,च,च,और,and
एव,-,एव,एव,ही,alone
अग्नि-साक्षिकम्,B-B,अग्नि-साक्षिक{2}{नपुं-ए.},अग्नि-साक्षिक+{को2},अग्नि को साक्षी मानकर,in the presence of (sacred) fire as witness
ततः,B-A,ततः,ततः,तब,then
वानर-राजेन,B-C,वानर-राज{3}{पुं-ए.},वानर-राज+{से3},वानरराज (सुग्रीव) के द्वारा,by chief of monkey (Sugriva)
वैरानुकथनम्,B-B,वैरानुकथन{2}{नपुं-ए.},वैरानुकथन+{को2},वैरानुकथनम्,his enemity
प्रति,-,प्रति,प्रति,के प्रति,with regard to
4.1.Aरामाय,4.1.CB-D,4.1.Dराम{4}{पुं-ए.},4.1.Eराम+{को4},4.1.Fराम (से),4.1.Gto shri Rama
आवेदितम्,B-A,आवेदित{1}{नपुं-ए.},आवेदित+{0/ने},निवेदन किया गया,reported
सर्वम्,B-B,सर्व{2}{नपुं-ए.},सर्व+{को2},सब कुछ,the whole
प्रणयात्,B-A,प्रणय{5}{पुं-ए.},प्रणय+{से},प्रेम के कारण,out of affection
दुःखितेन,B-C,दुःखित{3}{पुं-ए.},दुःखित+{से3},दुःखित,afflicted
च,-,च,च,और,and
प्रति-ज्ञातम्,B-A,प्रतिज्ञात{1}{नपुं-ए.},प्रतिज्ञात+{0/ने},के प्रति-ज्ञातम्,a vow was taken
च,-,च,च,और,and
रामेण,B-C,राम{3}{पुं-ए.},राम+{से3},राम के द्वारा,by shri Rama
तदा,-,तदा,तदा,तब,then
वालि-वधं,B-B,वालि-वध{2}{पुं-ए.},वालि-वध+{को2},वालि वध,Killing of vali
प्रति,-,प्रति,प्रति,के प्रति,with regard to
62,-,62,62,62,62
5.1.Aवालिनः,5.1.CB-F,5.1.Dवालिन्{6}{पुं-ए.},5.1.Eवालिन्+{का},5.1.Fवाली की,5.1.Gof Vali
च,-,च,च,और,and
बलम्,B-B,बल{2}{पुं-ए.},बल+{को2},शक्ति को,strength
तत्र,-,तत्र,तत्र,युद्ध में,in the course of that encounter
कथयामास,B-v,कथ+णिच्{कर्तरि लिट् प्रपु एक},कथ+णिच्{कर्तरि लिट् प्रपु एक},कहा,described
वानरः,B-A,वानर{1}{पुं-ए.},वानर+{0/ने},वानर,the monkey
सुग्रीवः,B-A,सुग्रीव{1}{पुं-ए.},सुग्रीव+{0/ने},सुग्रीव,Sugriva
शङ्कितः,B-A,शङ्कित{1}{पुं-ए.},शङ्कित+{0/ने},सन्देह युक्त,full of misgivings
च,-,च,च,और,and
आसीत्,B-v,अस्{कर्तरि लङ् प्रपु एक},अस्{कर्तरि लङ् प्रपु एक},था,was
नित्यं,B-B,नित्य{2}{नपुं-ए.},नित्य+{को2},नित्यं,ever
वीर्येण,B-C,वीर्य{3}{नपुं-ए.},वीर्य+{से3},बल (के विषय में),in the matter of prowess
राघवे,B-G,राघव{7}{पुं-ए.},राघव+{में/पर},राम (के),concerning Rama
6.1.Aराघव-प्रत्ययार्थम्,6.1.C-,6.1.Dराघव-प्रत्ययार्थम्{2}{नपुं-ए.}-,6.1.Eराघव-प्रत्ययार्थम्+{को2},6.1.Fराम के विश्वास के लिए,6.1.Gin order to convince shri Rama
तु,-,तु,तु,तु,too
दुन्दुभेः,B-F,दुन्दुभि{6}{पुं-ए.},दुन्दुभि+{का},दुन्दभि नामक राक्षस के,of dundubhi
कायम्,B-B,काय{2}{पुं-ए.},काय+{को2},शरीर को,skeleton
उत्तमम्,B-B,उत्तम{2}{पुं-ए.},उत्तम+{को2},बडे,tall
दर्शयामास,B-v,दृश्+णिच्{कर्तरि लिट् प्रपु एक},दृश्+णिच्{कर्तरि लिट् प्रपु एक},दिखलाया,actually showed
सुग्रीवः,B-A,सुग्रीव{1}{पुं-ए.},सुग्रीव+{0/ने},सुग्रीव,Sugriva
महा-पर्वत-सन्निभम्,-,महा-पर्वत-सन्निभ{2}{पुं-ए.},महा-पर्वत-सन्निभ+{को2},महा-पर्वत-सन्निभम्,looking like a big mountain
7.1.Aउत्स्मयित्वा,7.1.C-,7.1.Dउत्स्मयित्वा,7.1.Eउत्स्मयित्वा,7.1.Fऔर हँस कर,7.1.Gsmiling
महा-बाहुः,B-A,महा-बाहु{1}{पुं-ए.},महा-बाहु+{0/ने},लम्बे बाहु वाला,the mighty armed
प्रेक्ष्य,-,प्रेक्ष्य,प्रेक्ष्य,देख कर,glaring
च,-,च,च,और,and
अस्थि,B-B,अस्थि{2}{नपुं-ए.},अस्थि+{को2},अस्थि (को),bone
महा-बलः,B-A,महाबल{1}{पुं-ए.},महाबल+{0/ने},महाबली,possessed of extra ordinary strength
पादाङ्गुष्ठेन,-,पादाङ्गुष्ठ{3}{पुं.-ए.},पादाङ्गुष्ठ+{से3},पादाङ्गुष्ठेन,with his big toe full
चिक्षेप,B-v,क्षिप्{कर्तरि लिट् प्रपु एक},क्षिप्{कर्तरि लिट् प्रपु एक},फेंका,hurled
सम्पूर्णं,B-B,सम्पूर्ण{2}{नपुं-ए.},सम्पूर्ण+{को2},पूरे,all
दश-योजनम्,-,दश-योजन{2}{नपुं-ए.},दश-योजन+{को2},दश योजन तक,distance of eighty miles
8.1.Aबिभेद,8.1.CB-v,8.1.Dभिद्{कर्तरि लिट् प्रपु एक},8.1.Eभिद्{कर्तरि लिट् प्रपु एक},8.1.Fभेद दिया,8.1.Gpierced
च,-,च,च,और,and
पुनः,-,पुनः,पुनः,पुनः,"again,Further"
सालान्,B-B,साल{2}{पुं-ब.},साल+{को2},साल वृक्षा को,palmyra trees
सप्त,B-B,सप्तन्{2}{पुं-ब.},सप्तन्+{को2},सात,seven
एकेन,B-C,एक{3}{पुं-ए.},एक+{से3},एक,single
महेषुणा,-,महेषु{3}{पुं.-ए.},महेषु+{को2},बाण से,mighty shaft
गिरिम्,-,गिरि{2}{पुं-ए.},गिरि+{को2},गिरिम्,a hillock
रसातलं,B-B,रसातल{2}{नपुं-ए.},रसातल+{को2},रसातलं,the sixth subterranean plane
चैव,-,चैव,चैव,चैव,as well as
जनयन्,B-A,जनयत्{1}{पुं-ए.},जनयत्+{0/ने},जगाते हुए,in order to inspire
प्रत्ययं,B-B,प्रत्यय{2}{पुं-ए.},प्रत्यय+{को2},प्रत्ययं,confidence
तदा,-,तदा,तदा,तब,then
9.1.Aततः,9.1.CB-A,9.1.Dततः,9.1.Eततः,9.1.Fतब,9.1.Gthen
प्रीत-मनाः,B-A,प्रीतमनस्{1}{पुं-ए.},प्रीतमनस्+{0/ने},प्रसन्नचित्त,pleased
तेन,B-C,तद्{3}{नपुं/पुं.-ए.},तद्+{से3},उससे,(distracted) by that
विश्वस्तः,B-A,विश्वस्त{1}{पुं-ए.},विश्वस्त+{0/ने},विश्वस्त,contended
सः,B-A,तद्{1}{पुं-ए.},तद्+{0/ने},वह,he(Sugriva)
महा-कपिः,-,महा-कपि{1}{पुं-ए.},महा-कपि+{0/ने},वानर सुग्रीव,the great monkey
किष्किन्धाम्,B-B,किष्किन्धा{2}{स्त्री-ए.},किष्किन्धा+{को2},किष्किन्धा,to kishkindha
राम-सहितः,B-A,राम-सहित{1}{पुं-ए.},राम-सहित+{0/ने},राम के साथ,with Rama
जगाम,B-v,गम्{कर्तरि लिट् प्रपु एक},गम्{कर्तरि लिट् प्रपु एक},गया,marched
च,-,च,च,और,and
गुहाम्,B-B,गुहा{2}{स्त्री-ए.},गुहा+{को2},गुफा,cave
तदा,-,तदा,तदा,तब,then
10.1.Aततः,10.1.CB-A,10.1.Dततः,10.1.Eततः,10.1.Fतब,10.1.Gthen
अगर्जत्,B-v,गर्ज्{कर्तरि लङ् प्रपु एक},गर्ज्{कर्तरि लङ् प्रपु एक},गरजा,roared
हरि-वरः,-,हरि-वर{1}{पुं-ए.},हरि-वर+{0/ने},वानर श्रेष्ठ,the monkey chief
सुग्रीवः,B-A,सुग्रीव{1}{पुं-ए.},सुग्रीव+{0/ने},सुग्रीव,Sugriva
हेम-पिङ्गलः,-,हेम-पिङ्गल{1}{पुं-ए.},हेम-पिङ्गल+{0/ने},हेम-पिङ्गलः,tawny as gold
तेन,B-C,तद्{3}{नपुं/पुं.-ए.},तद्+{से3},उससे,(distracted) by that
नादेन,B-C,नाद{3}{पुं-ए.},नाद+{से3},ध्वनि से,the king of the
महता,B-C,महत्{3}{नपुं/पुं.-ए.},महत्+{से3},उँची,great roar
निर्जगाम,B-v,निर्+गम्{कर्तरि लिट् प्रपु एक},निर्+गम्{कर्तरि लिट् प्रपु एक},निकला,Sallied forth
हरीश्वरः,B-A,हरीश्वर{1}{पुं-ए.},हरीश्वर+{0/ने},वानर राज (वाली),king of the monkeys (Vali)
11.1.Aअनु-मान्य,11.1.C-,11.1.Dअनु-मान्य,11.1.Eअनु-मान्य,11.1.Fअनु-मान्य,11.1.Ghaving reassured
तदा,-,तदा,तदा,तब,then
तारां,B-B,तारा{2}{स्त्री-ए.},तारा+{को2},तारां,Tara (Vali's wife)
सुग्रीवेण,B-C,सुग्रीव{3}{पुं-ए.},सुग्रीव+{से3},सुग्रीव से,convinced with sugriva
समागतः,B-A,समागत{1}{पुं-ए.},समागत+{0/ने},आया,came
नि-जघान,B-v,नि+हन्{कर्तरि लिट् प्रपु एक},नि+हन्{कर्तरि लिट् प्रपु एक},मार दिया,killed
च,-,च,च,और,and
तत्र,-,तत्र,तत्र,युद्ध में,in the course of that encounter
एनं,B-B,एतद्{2}{पुं-ए.},एतद्+{को2},इसे (बाली को),him(Vali)
शरेण,B-C,शर{3}{पुं-ए.},शर+{से3},बाण से,arrow
एकेन,B-C,एक{3}{पुं-ए.},एक+{से3},एक,single
राघवः,B-A,राघव{1}{पुं-ए.},राघव+{0/ने},राम ने,the scion of Raghu
12.1.Aततः,12.1.CB-A,12.1.Dततः,12.1.Eततः,12.1.Fतब,12.1.Gthen
सुग्रीव-वचनात्,B-A,सुग्रीव-वचन{5}{नपुं-ए.},सुग्रीव-वचन+{से},सुग्रीव-वचनात्,due to Sugriva's plea
हत्वा,-,हत्वा,हत्वा,मारकर,having killed
वालिनम्,B-B,वालिन्{2}{पुं-ए.},वालिन्+{को2},वाली को,to Vali
आहवे,B-G,आहव{7}{पुं-ए.},आहव+{में/पर},युद्ध में,in an encounter
सुग्रीवम्,B-B,सुग्रीव{2}{पुं-ए.},सुग्रीव+{को2},सुग्रीव को,Sugriva himself
एव,-,एव,एव,ही,alone
तद्-राज्ये,-,तद्-राज्य{7}{नपुं-1-ए.},तद्-राज्य+{में/पर},उस राज्य में,in Vali's throne
राघवः,B-A,राघव{1}{पुं-ए.},राघव+{0/ने},राम ने,the scion of Raghu
प्रत्यपादयत्,B-v,प्रति+पद्+णिच्{कर्तरि लङ् प्रपु एक},प्रति+पद्+णिच्{कर्तरि लङ् प्रपु एक},बैठाया,installed
1.Aश्लोक,1.C-,1.Dश्लोक,1.Eश्लोक,1.Fश्लोक,1.Gश्लोक
2.1.Aसः,2.1.CB-A,2.1.Dतद्{1}{पुं-ए.},2.1.Eतद्+{0/ने},2.1.Fवह हनुमान्,2.1.Ghe (Hanuman)
च,-,च,च,और,and
सर्वान्,B-B,सर्व{2}{पुं-ब.},सर्व+{को2},सभी,all
समानीय,-,समानीय,समानीय,बुलाकर (इकट्ठा करके),bringing together
वानरान्,B-B,वानर{2}{पुं-ब.},वानर+{को2},बन्दरा को,the monkeys
वानरर्षभः,B-A,वानरर्षभ{1}{पुं-ए.},वानरर्षभ+{0/ने},वानरों में श्रेष्ठ,Great among the monkeys
दिशः,B-B,दिश्{2}{स्त्री-ब.},दिश्+{को2},चारा दिशाओं में,in all directions
प्र-स्थापयामास,-,प्र-स्थापयामास,प्र-स्थापयामास,भेजा,sent
दिदृक्षुः,B-A,दिदृक्षु{1}{पुं-ए.},दिदृक्षु+{0/ने},देखने का इच्छुक,Desirous to see
जनकात्मजाम्,B-B,जनकात्मजा{2}{स्त्री-ए.},जनकात्मजा+{को2},जनक की पुत्री सीता को,to the daughter of Janaka(Sita)
3.1.Aततः,3.1.CB-A,3.1.Dततः,3.1.Eततः,3.1.Fउसके बाद,3.1.Gthereafter
गृधस्य,B-F,गृध{6}{पुं-ए.},गृध+{का},गिद्ध पक्षी के,vulture
वचनात्,B-A,वचन{5}{नपुं-ए.},वचन+{से},कथन से,according to the counsel
सम्पातेः,B-F,सम्पाति{6}{पुं-ए.},सम्पाति+{का},सम्पाति नाम के,Sampati by name
हनुमान्,B-A,हनुमत्{1}{पुं-ए.},हनुमत्+{0/ने},हनुमान्,Hanuman
बली,B-A,बलिन्{1}{पुं-ए.},बलिन्+{0/ने},बलवान्,mighty
शत-योजन-विस्तीर्णं,-,शत-योजन-विस्तीर्ण{2}{नपुं-ए.},शत-योजन-विस्तीर्ण+{को2},सौ योजन विस्तृत (चार सौ कोस),800 miles broad
पुप्लुवे,B-v,प्लु{कर्तरि लिट् प्रपु एक},प्लु{कर्तरि लिट् प्रपु एक},पार किया,leapt across
लवणार्णवम्,B-B,लवणार्णव{2}{पुं-ए.},लवणार्णव+{को2},खारा सागर को,brackish sea
4.1.Aतत्र,4.1.C-,4.1.Dतत्र,4.1.Eतत्र,4.1.Fवहाँ (लङ्का में),4.1.Gthere(in Lanka)
लङ्काम्,-,लङ्का{2}{स्त्री-ए.},लङ्का+{को2},लङ्काम्,Lanka
समासाद्य,-,समासाद्य,समासाद्य,पहुँच कर,having reached
पुरीम्,B-B,पुरी{2}{स्त्री-ए.},पुरी+{को2},नगरी को,the city
रावण-पालिताम्,B-8B-B,रावण-पालिता{2}{स्त्री-ए.},रावण-पालिता+{को2},रावण द्वारा पालित ,ruled over by Ravana
ददर्श,B-v,दृश्{कर्तरि लिट् प्रपु एक},दृश्{कर्तरि लिट् प्रपु एक},देखा,saw
सीताम्,B-B,सीत{2}{स्त्री-ए.},सीत+{को2},सीता को,Sita
ध्यायन्तीम्,B-B,ध्यायन्ती{2}{स्त्री-ए.},ध्यायन्ती+{को2},स्मरण करती हुई,contemplating(Rama)
अशोक-वनिकाम्,-,अशोक-वनिका{2}{स्त्री-ए.},अशोक-वनिका+{को2},अशोक वाटिका में,in the Ashoka grove
गताम्,B-B,गता{2}{स्त्री-ए.},गता+{को2},स्थित,confined
5.1.Aनि-वेदयित्वा,5.1.C-,5.1.Dनि-वेदयित्वा,5.1.Eनि-वेदयित्वा,5.1.Fसमर्पित कर,5.1.Ghaving presented
अभि-ज्ञानम्,-,अभि-ज्ञान{2}{नपुं-ए.},अभि-ज्ञान+{को2},परिचायक वस्तु,the souvenir
प्रवृत्तिम्,B-B,प्रवृत्ति{2}{स्त्री-ए.},प्रवृत्ति+{को2},घटनाओं को,incidents
वि-नि-वेद्य,-,वि-नि-वेद्य,वि-नि-वेद्य,बतलाकर,having described
च,-,च,च,और,and
समाश्वास्य,-,समाश्वास्य,समाश्वास्य,आश्वस्त कर,having consoled
च,-,च,च,और,and
वैदेहीम्,B-B,वैदेही{2}{स्त्री-ए.},वैदेही+{को2},सीता को,Sita
मर्दयामास,B-v,मर्द+णिच्{कर्तरि लिट् प्रपु एक},मर्द+णिच्{कर्तरि लिट् प्रपु एक},ध्वस्त कर दिया,demolished
तोरणम्,B-B,तोरण{2}{नपुं-ए.},तोरण+{को2},अशोक वाटिका के प्रवेश द्वार को,outer gate of Ashoka garden
6.1.Aपञ्च,6.1.CB-B,6.1.Dपञ्चन्{2}{पुं-ब.},6.1.Eपञ्चन्+{को2},6.1.Fपाँच,6.1.Gfive
सेनाग्रगान्,B-B,सेनाग्रग{2}{पुं-ब.},सेनाग्रग+{को2},सेनापतियों को,army commanders
हत्वा,-,हत्वा,हत्वा,मारकर,having killed
सप्त,B-B,सप्तन्{2}{पुं-ब.},सप्तन्+{को2},सात,seven
मन्त्रि-सुतान्,B-B,मन्त्रि-सुत{2}{पुं-ब.},मन्त्रि-सुत+{को2},मंत्रियों के पुत्रा को,sons of ministers
अपि,-,अपि,अपि,भी,also
शूरम्,B-B,शूर{2}{पुं-ए.},शूर+{को2},शौर्यगुणयुक्त,gallant
अक्षं,B-B,अक्ष{2}{पुं-ए.},अक्ष+{को2},अक्ष को,Aksa
च,-,च,च,और,and
निष्पिष्य,-,निष्पिष्य,निष्पिष्य,चूर्ण करके,having crushed
ग्रहणं,B-B,ग्रहण{2}{पुं-ए.},ग्रहण+{को2},ब्रह्मास्त्र बन्धन म,to be bound
समुपागमत्,B-v,सम+उप+गम्{कर्तरि लुङ् प्रपु एक},सम+उप+गम्{कर्तरि लुङ् प्रपु एक},पहुँच गया,allowed himself
7.1.Aअस्त्रेण,7.1.CB-C,7.1.Dअस्त्र{3}{नपुं-ए.},7.1.Eअस्त्र+{से3},7.1.Fब्रह्मास्त्र से,7.1.Gby Brahmastra
उन्मुक्तम्,B-B,उन्मुक्त{2}{पुं-ए.},उन्मुक्त+{को2},मुक्त,released
आत्मानम्,B-B,आत्मन्{2}{पुं-ए.},आत्मन्+{को2},अपने आप को,himself
ज्ञात्वा,-,ज्ञात्वा,ज्ञात्वा,जानकर,having known
पैतामहात्,B-A,पैतामह{5}{पुं-ए.},पैतामह+{से},ब्रह्मा से प्राप्त,received from Pitamaha Brahma
वरात्,B-A,वर{5}{पुं-ए.},वर+{से},वरदान के कारण,in consequence of boon by the missiles
मषर्यन्,B-A,मषर्यत्{1}{पुं-ए.},मषर्यत्+{0/ने},सहन करते हुए,bearing with
राक्षसान्,-,राक्षस{2}{पुं-ब.},राक्षस+{को2},राक्षसों को,demons
वीरः,B-A,वीर{1}{पुं-ए.},वीर+{0/ने},वीर,the hero (Hanuman)
यन्त्रिणः,-,यन्त्रिन्{1}{पुं-ब.},यन्त्रिन्+{0/ने},बांधकर ले जानेवाले,who can bind him in bondage
तान्,-,तान्,तान्,उनको,those
यदृच्छया,-,यदृच्छा{1}{स्त्री-ए.},यदृच्छा+{से3},अपनी इच्छा से,deliberately
8.1.Aततः,8.1.CB-A,8.1.Dततः},8.1.Eततः,8.1.Fउसके बाद,8.1.Gthereafter
दग्ध्वा,-,दग्ध्वा,दग्ध्वा,जलाकर,having set on fire
पुरीं,B-B,पुरी{2}{स्त्री-ए.},पुरी+{को2},पुरीं,the city
लङ्काम्,-,लङ्का{2}{स्त्री-ए.},लङ्का+{को2},लङ्काम्,to the Lanka by name
ऋते,-,ऋते,ऋते,छोड.कर,leaving
सीतां,B-B,सीता{2}{स्त्री-ए.},सीता+{को2},सीतां,सीतां
च,-,च,च,और,and
मैथिलीम्,B-B,मैथिली{2}{स्त्री-ए.},मैथिली+{को2},मिथिला नरेश की पुत्री,to the princess of Mithila
रामाय,B-D,राम{4}{पुं-ए.},राम+{को4},राम को,to Rama
प्रियम्,B-B,प्रिय{2}{पुं-ए.},प्रिय+{को2},प्रिय,delightful
आख्यातुम्,-,आख्यातुम्,आख्यातुम्,कहने के लिए,to say
पुनः,-,पुनः,पुनः,फिर,again
आयात्,B-v,आ+या{कर्तरि लङ् प्रपु एक},आ+या{कर्तरि लङ् प्रपु एक},आया,returned back
महा-कपिः,-,महा-कपि{1}{पुं-ए.},महा-कपि+{0/ने},वानर श्रेष्ठ (हनुमान्),the great monkey (Hanuman)
9.1.Aसः,9.1.CB-A,9.1.Dतद्{1}{पुं-ए.},9.1.Eतद्+{0/ने},9.1.Fवह हनुमान्,9.1.Ghe (Hanuman)
अभि-गम्य,-,अभि-गम्य,अभि-गम्य,पास जाकर,having approached
महात्मानम्,B-B,महात्मन्{2}{पुं-ए.},महात्मन्+{को2},महान्,high souled
कृत्वा,-,कृत्वा,कृत्वा,करके,having done
रामं,B-B,राम{2}{पुं-ए.},राम+{को2},रामं,to Rama
प्र-दक्षिणम्,-,प्र-दक्षिण{2}{नपुं-ए.},प्र-दक्षिण+{को2},प्र-दक्षिणम्,moving around clockwise
न्यवेदयत्,-,न्यवेदयत्,न्यवेदयत्,निवेदन किया,submitted
अमेयात्मा,-,अमेयात्मन्{1}{पुं-ए.},अमेयात्मन्+{0/ने},अपरिमेय बुद्धि सम्पन्न,having unmeasurable intelligence
दृष्टा,-,दृष्टा,दृष्टा,देखी गई,had been seen
सीता,-,सीता{1}{स्त्री-ए.},सीता+{0/ने},सीता,Sita
इति,-,इति,इति,इस प्रकार,that
तत्त्वतः,-,तत्त्वतः,तत्त्वतः,वस्तुतः,in reality
10.1.Aततः,10.1.CB-A,10.1.Dततः,10.1.Eततः,10.1.Fउसके बाद,10.1.Gthereafter
सुग्रीव-सहितः,B-A,सुग्रीव-सहित{1}{पुं-ए.},सुग्रीव-सहित+{0/ने},सुग्रीव के साथ,accompanied by Sugriva
गत्वा,-,गत्वा,गत्वा,जाकर,having moved
तीरं,B-B,तीर{2}{नपुं-ए.},तीर+{को2},तट को,to the shore
महोदधेः,B-F,महोदधि{6}{पुं-ए.},महोदधि+{का},समुद्र के,of the great ocean
समुद्रं,B-B,समुद्र{2}{पुं-ए.},समुद्र+{को2},समुद्र को,to the sea
क्षोभयामास,B-v,क्षुभ+णिच्{कर्तरि लिट् प्रपु एक},क्षुभ+णिच्{कर्तरि लिट् प्रपु एक},आकुल किया,shook to its lowest depth
शरैः,B-C,शर{3}{पुं-ब.},शर+{से3},बाणों से,with arrows
आदित्य-सन्निभैः,B-C,आदित्य-सन्निभ{3}{पुं-ब.},आदित्य-सन्निभ+{से3},आदित्य-सन्निभैः,like the glorious sun
11.1.Aदर्शयामास,11.1.CB-v,11.1.Dदृश्+णिच्{कर्तरि लिट् प्रपु एक},11.1.Eदृश्+णिच्{कर्तरि लिट् प्रपु एक},11.1.Fदिखाया,11.1.Grevealed
च,-,च,च,और,and
आत्मानम्,B-B,आत्मन्{2}{पुं-ए.},आत्मन्+{को2},अपने आप को,himself
समुद्रः,B-A,समुद्र{1}{पुं-ए.},समुद्र+{0/ने},समुद्र,ocean
सरितां,B-F,सरित्{6}{स्त्री-ब.},सरित्+{का},नदिया के,of the rivers
पतिः,B-A,पति{1}{पुं-ए.},पति+{0/ने},पति,the lord
समुद्र-वचनात्,B-A,समुद्र-वचन{5}{नपुं-ए.},समुद्र-वचन+{से},समुद्र-कथन से,at the intercession of the sea
च,-,च,च,और,and
एव,-,एव,एव,ही,only
नलं,B-B,नल{2}{पुं-ए.},नल+{को2},नल से,by Nala
सेतुम्,B-B,सेतु{2}{पुं-ए.},सेतु+{को2},पुल,a bridge
अकारयत्,B-v,कृ+णिच्{कर्तरि लङ् प्रपु एक},कृ+णिच्{कर्तरि लङ् प्रपु एक},बनवाया,caused to build
1.Aश्लोक,1.C-,1.Dश्लोक,1.Eश्लोक,1.Fश्लोक,1.Gश्लोक
2.1.Aतेन,2.1.CB-C,2.1.Dतद्{3}{नपुं/पुं.-ए.},2.1.Eतद्+{से3},2.1.Fउस पुल से,2.1.Gwith that
गत्वा,-,गत्वा,गत्वा,जाकर,having reached
पुरीम्,B-B,पुरी{2}{स्त्री-ए.},पुरी+{को2},पुरी को,to the city
लङ्काम्,-,लङ्का{2}{स्त्री-ए.},लङ्का+{को2},लङ्का को,Lanka
हत्वा,-,हत्वा,हत्वा,मारकर,having killed
रावणम्,B-B,रावण{2}{पुं-ए.},रावण+{को2},रावण को,to Ravana
आहवे,-,आहव{7}{पुं-ए.},आहव+{में/पर},युद्ध में,in combat
रामः,B-A,राम{1}{पुं-ए.},राम+{0/ने},राम,shri Rama
सीताम्,B-B,सीता{2}{स्त्री-ए.},सीता+{को2},सीता को,to Sita
अनु-प्राप्य,-,अनुप्राप्य,अनुप्राप्य,प्राप्त कर,having got back
पराम्,B-B,परा{2}{स्त्री-ए.},परा+{को2},अत्यधिक,great
व्रीडाम्,B-B,व्रीडा{2}{स्त्री-ए.},व्रीडा+{को2},लज्जा को,sense of shame
उपागमत्,B-v,उप+आ+गम्{कर्तरि लुङ् प्रपु एक},उप+आ+गम्{कर्तरि लुङ् प्रपु एक},अनुभव किया,experienced(felt)
3.1.Aताम्,3.1.CB-B,3.1.Dतद्{2}{स्त्री-ए.},3.1.Eतद्+{को2},3.1.Fउस (सीता) को,3.1.Gto her(Sita)
उवाच,B-v,वच्{कर्तरि लिट् प्रपु एक},वच्{कर्तरि लिट् प्रपु एक},बोले,spoke
ततः,B-A,ततः,ततः,तब,then
रामः,B-A,राम{1}{पुं-ए.},राम+{0/ने},राम,shri Rama
परुषम्,B-B,परुष{2}{नपुं-ए.},परुष+{को2},कठोर,harsh (words)
जन-संसदि,-,जन-संसद्{7}{स्त्री-ए.},जन-संसद्+{में/पर},लोगों के समुदाय में,in the assembly
अमृष्यमाणा,-,अमृष्यमाणा{1}{स्त्री-ए.},अमृष्यमाणा+{0/ने},न सहन करती हुई,resenting
सा,-,तद्{1}{स्त्री-ए.},तद्+{0/ने},वह (सीता),she
सीता,-,सीता{1}{स्त्री-ए.},सीता+{0/ने},सीता,Sita
विवेश,-,विवेश,विवेश,प्रवेश कर गयी,entered
ज्वलनम्,-,ज्वलन{2}{नपुं-ए.},ज्वलन+{को2},अग्नि (में),in fire
सती,-,सती{1}{स्त्री-ए.},सती+{0/ने},सती,chaste
4.1.Aततः,4.1.CB-A,4.1.Dततः,4.1.Eततः,4.1.Fतब,4.1.Gthen
अग्नि-वचनात्,B-A,अग्नि-वचन{1}{नपुं-ए.},अग्नि-वचन+{0/ने},अग्निदेव के वचन से,from the words of fire god
सीताम्,B-B,सीता{2}{स्त्री-ए.},सीता+{को2},सीता को,Sita
ज्ञात्वा,-,ज्ञात्वा,ज्ञात्वा,जानकर,having known
विगत-कल्मषाम्,-,विगत-कल्मषा{2}{स्त्री-ए.},विगत-कल्मषा+{को2},दोषरहित,sinless
कर्मणा,B-C,कर्मन्{3}{नपुं-ए.},कर्मन्+{से3},कार्य से,feat(achievment)
तेन,-,तद्{3}{पुं-ए.},तद्+{से3},पूर्वोक्त,with that
महता,B-C,महत्{3}{नपुं/पुं.-ए.},महत्+{से3},श्रेष्ठ,remarkable
त्रैलोक्यम्,B-A,त्रैलोक्य{1}{नपुं-ए.},त्रैलोक्य+{0/ने},तीनों लोक,all the three worlds
स-चराचरम्,-,स-चराचर{1}{नपुं-ए.},स-चराचर+{0/ने},जड एवं चेतन,comprising animate and inanimate creature
5.1.Aस-देवर्षि-गणं,5.1.C-,5.1.Dस-देवर्षि-गण{1}{नपुं-ए.},5.1.Eस-देवर्षि-गण+{0/ने},5.1.Fदेवर्षिगणों से,5.1.G
तुष्टं,B-A,तुष्ट{1}{नपुं-ए.},तुष्ट+{0/ने},प्रसन्न हुए,pleased
राघवस्य,B-F,राघव{6}{पुं-ए.},राघव+{का},राम के,of shri Rama
महात्मनः,-,महात्मन्{6}{पुं-ए.},महात्मन्+{का},महापुरुष,of the high souled
बभौ,B-v,भा{कर्तरि लिट् प्रपु एक},भा{कर्तरि लिट् प्रपु एक},हुए,was
रामः,B-A,राम{1}{पुं-ए.},राम+{0/ने},राम,shri Rama
सम्-प्रहृष्टः,-,सम्-प्रहृष्ट{1}{पुं-ए.},सम्-प्रहृष्ट+{0/ने},प्रसन्न हुए,extremely delighted
पूजितः,B-A,पूजित{1}{पुं-ए.},पूजित+{0/ने},पूजित,honoured
सर्व-दैवतैः,-,सर्व-दैवत{3}{नपुं-ए.},सर्व-दैवत+{से3},सभी देवताओं से,by all the gods
6.1.Aअभि-षिच्य,6.1.C-,6.1.Dअभि-षिच्य,6.1.Eअभि-षिच्य,6.1.Fअभिषिक्त कर,6.1.Ghaving installed
च,-,च,च,और,and
लङ्कायाम्,-,लङ्काया{7}{स्त्री-ए.},लङ्काया+{में/पर},लङ्का में,on the throne of Lanka
राक्षसेन्द्रम्,B-B,राक्षसेन्द्र{2}{पुं-ए.},राक्षसेन्द्र+{को2},राक्षसराज,the chief of ogres
वि-भीषणम्,-,वि-भीषण{2}{पुं-ए.},वि-भीषण+{को2},वि-भीषणम्,Vibhishana
कृत-कृत्यः,-,कृत-कृत्य{1}{पुं-ए.},कृत-कृत्य+{0/ने},कृत-कृत्यः,felt accomplished of purpose
तदा,-,तदा,तदा,उसी दिन,then
रामः,B-A,राम{1}{पुं-ए.},राम+{0/ने},राम,shri Rama
वि-ज्वरः,-,वि-ज्वर{1}{पुं-ए.},वि-ज्वर+{0/ने},वि-ज्वरः,rid of anxiety
प्र-मुमोद,-,प्र-मुमोद,प्र-मुमोद,प्र-मुमोद,greatly rejoiced
ह,-,ह,ह,ह,ह
85,-,85,85,85,85
7.1.Aदेवताभ्यः,7.1.CB-A,7.1.Dदेवता{5}{स्त्री-ए.},7.1.Eदेवता+{से},7.1.Fदेवताौओं से,7.1.Gfrom the gods
वरम्,B-B,वर{2}{पुं-ए.},वर+{को2},वरदान,a boon
प्राप्य,-,प्राप्य,प्राप्य,प्राप्त कर,having received
समुत्थाप्य,-,समुत्थाप्य,समुत्थाप्य,सचेत करके,having aroused
च,-,च,च,और,and
वानरान्,-,वानर{2}{पुं-ब.},वानर+{को2},वानरान्,to the monkeys
अयोध्याम्,B-B,अयोध्या{2}{स्त्री-ए.},अयोध्या+{को2},अयोध्या (की ओर),to Ayodhaya
प्र-स्थितः,-,प्र-स्थित{1}{पुं-ए.},प्र-स्थित+{0/ने},प्र-स्थितः,flew
रामः,B-A,राम{1}{पुं-ए.},राम+{0/ने},राम,shri Rama
पुष्पकेण,B-C,पुष्पक{3}{पुं-ए.},पुष्पक+{से3},पुष्पक विमान से,by pushpaka
सुहृद्-वृतः,-,सुहृद्-वृत{1}{पुं-ए.},सुहृद्-वृत+{0/ने},सुहृद्-वृतः,accompanied by his relations and friends
8.1.Aभरद्वाजाश्रमम्,8.1.C-,8.1.Dभरद्वाजाश्रम{2}{पुं-ए.},8.1.Eभरद्वाजाश्रम+{को2},8.1.Fभरद्वाज के आश्रम,8.1.Gthe hermitage of the sage
गत्वा,-,गत्वा,गत्वा,जाकर,having reached
आ-रामः,B-A,आ-राम{1}{पुं-ए.},आ-राम+{0/ने},आ-राम,one who gives pleasure to all
सत्य-पराक्रमः,-,सत्य-पराक्रमः{1}{पुं-ए.},सत्य-पराक्रमः+{0/ने},सत्य-पराक्रमः,having unfailing prowess
भरतस्य,-,भरत{6}{पुं-ए.},भरत+{का},भरत के,of Bharata
अन्तिके,-,अन्तिक{7}{नपुं-ए.},अन्तिक+{में/पर},समीप,to the presence
रामः,B-A,राम{1}{पुं-ए.},राम+{0/ने},राम,shri Rama
हनूमन्तम्,-,हनूमत्{2}{पुं-ए.},हनूमत्+{को2},हनुमान् को,to Hanuman
व्यसर्जयत्,B-v,वि सृज्+णिच्{कर्तरि लङ् प्रपु एक},वि सृज्+णिच्{कर्तरि लङ् प्रपु एक},भेजा,"despatched,sent"
9.1.Aपुनः,9.1.C-,9.1.Dपुनः,9.1.Eपुनः,9.1.Fफिर,9.1.Gonce more
आख्यायिकाम्,B-B,आख्यायिका{2}{स्त्री-ए.},आख्यायिका+{को2},वृत्तान्त,past history
जल्पन्,B-A,जल्पत्{1}{पुं-ए.},जल्पत्+{0/ने},कहते हुए,narrating
सुग्रीव-सहितः,B-A,सुग्रीव-सहित{1}{पुं-ए.},सुग्रीव-सहित+{0/ने},सुग्रीव-सहितः,accompanied by Sugriva
तदा,-,तदा,तदा,तदा,then
पुष्पकम्,B-B,पुष्पक{2}{नपुं-ए.},पुष्पक+{को2},पुष्पकम्,Pushpakam
तत्,B-B,तद्{2}{नपुं-ए.},तद्+{को2},तत्,that
समारुह्य,-,समारुह्य,समारुह्य,बैठकर,having boarded
नन्दि-ग्रामम्,-,नन्दि-ग्राम{2}{पुं-ए.},नन्दि-ग्राम+{को2},नन्दि-ग्रामम्,to Nandigrama
ययौ,B-v,या{कर्तरि लिट् प्रपु एक},या{कर्तरि लिट् प्रपु एक},पहुँचे,flew
तदा,-,तदा,तदा,उसी दिन,then
10.1.Aनन्दि-ग्रामे,10.1.CB-G,10.1.Dनन्दिग्राम{7}{पुं-ए.},10.1.Eनन्दिग्राम+{में/पर},10.1.Fनन्दि-ग्रामे,10.1.Gat Nandigrama
जटाम्,B-B,जटा{2}{स्त्री-ए.},जटा+{को2},जटा को,matted hair
हित्वा,-,हित्वा,हित्वा,त्यागकर,having disentangled
भ्रातृभिः,B-C,भ्रातृ{3}{पुं-ब.},भ्रातृ+{से3},भ्रातृभिः,with brothers
सहितः,B-A,सहित{1}{पुं-ए.},सहित+{0/ने},सहितः,accompanied
अनघः,-,अनघ{1}{पुं-ए.},अनघ+{0/ने},अनघः,the sinless
रामः,B-A,राम{1}{पुं-ए.},राम+{0/ने},राम,shri Rama
सीताम्,B-B,सीता{2}{स्त्री-ए.},सीता+{को2},सीता को,Sita
अनु-प्राप्य,-,अनुप्राप्य,अनुप्राप्य,अनु-प्राप्त कर,having got back
राज्यम्,B-B,राज्य{2}{नपुं-ए.},राज्य+{को2},राज्य को,(his) kingdom
पुनः,-,पुनः,पुनः,फिर,once more
अवाप्तवान्,B-A,अवाप्तवत्{1}{पुं-ए.},अवाप्तवत्+{0/ने},अवाप्तवान्,regained
11.1.Aप्रहृष्ट-मुदितः,11.1.C-,11.1.Dप्रहृष्ट-मुदित{1}{पुं-ए.},11.1.Eप्रहृष्ट-मुदित+{0/ने},11.1.Fप्रहृष्ट-मुदितः,11.1.Gmuch delighted
लोकः,B-A,लोक{1}{पुं-ए.},लोक+{0/ने},लोग,people
तुष्टः,B-A,तुष्ट{1}{पुं-ए.},तुष्ट+{0/ने},सन्तुष्ट,cheerful or contended
पुष्टः,B-A,पुष्ट{1}{पुं-ए.},पुष्ट+{0/ने},पुष्ट,well-fed
सु-धार्मिकः,-,सु-धार्मिक{1}{पुं-ए.},सु-धार्मिक+{0/ने},सु-धार्मिकः,exceedingly pious
निरामयः,-,निरामय{1}{पुं-ए.},निरामय+{0/ने},निरामयः,free from mental agony
हि,-,हि,हि,तो,positively
अरोगः,B-A,अरोग{1}{पुं-ए.},अरोग+{0/ने},शारीरिक रोग रहित,free from bodily ailment
च,-,च,च,और,and
दुर्भिक्ष-भय-वर्जितः,B-A,दुर्भिक्ष-भय-वर्जित{1}{पुं-ए.},दुर्भिक्ष-भय-वर्जित+{0/ने},दुर्भिक्ष-भय-वर्जितः,rid of famine and fear
1.Aश्लोक,1.C-,1.Dश्लोक,1.Eश्लोक,1.Fश्लोक,1.Gश्लोक
2.1.Aन,2.1.C-,2.1.Dन,2.1.Eन,2.1.Fन,2.1.Gnor
पुत्र-मरणं,-,पुत्र-मरण{1}{नपुं-ए.},पुत्र-मरण+{को2},पुत्र मरण,death of (their) son or daughter
केचित्,-,केचित्,केचित्,कोई,any
द्रक्ष्यन्ति,B-v,दृश्{कर्तरि लृट् प्रपु बहु},दृश्{कर्तरि लृट् प्रपु बहु},देखेगा,will witness
पुरुषः,B-A,पुरुष{1}{पुं-ब.},पुरुष+{0/ने},पुरुष,men
क्वचित्,-,क्वचित्,क्वचित्,कहीं,where
नार्यः,B-A,नारी{1}{स्त्री-ब.},नारी+{0/ने},नारियाँ,women
च,-,च,च,और,and
अविधवाः,B-A,अविधवा{1}{स्त्री-ब.},अविधवा+{0/ने},अविधवा,not widows
नित्यं,B-B,नित्य{2}{नपुं-ए.},नित्य+{को2},--,ever
भविष्यन्ति,B-v,भू{कर्तरि लृट् प्रपु बहु},भू{कर्तरि लृट् प्रपु बहु},रहेगीं,will be
पति-व्रताः,B-A,पति-व्रता{1}{स्त्री-ब.},पति-व्रता+{0/ने},पतिव्रता,will be ever devoted to their husbands
3.1.Aन,3.1.C-,3.1.Dन,3.1.Eन,3.1.Fन,3.1.Gnor
च,-,च,च,और,and
अग्नि-जम्,-,अग्नि-ज{1}{नपुं-ए.},अग्नि-ज+{0/ने},अग्नि से होने वाला,caused by fire
भयम्,B-A,भय{1}{नपुं-ए.},भय+{0/ने},भय,fear
किञ्चित्,-,किञ्चित्,किञ्चित्,कोई,any
न,-,न,न,न,nor
अप्सु,B-G,अप्{7}{स्त्री-ब.},अप्+{में/पर},जल में,in water
मज्जन्ति,B-v,मस्ज्{कर्तरि लट् प्रपु बहु},मस्ज्{कर्तरि लट् प्रपु बहु},डूबते हैं,be drowned
जन्तवः,-,जन्तु{1}{पुं-ब.},जन्तु+{0/ने},प्राणी,living beings
न,-,न,न,न,nor
वातजम्,B-A,वातज{1}{नपुं-ए.},वातज+{0/ने},वायु सम्बद्ध,caused by wind
भयम्,B-A,भय{1}{नपुं-ए.},भय+{0/ने},भय,fear
किञ्चित्,-,किञ्चित्,किञ्चित्,कोई,any
न,-,न,न,न,nor
अपि,-,अपि,अपि,भी,also
ज्वर-कृतं,-,ज्वर-कृत{1}{नपुं-ए.},ज्वर-कृत+{0/ने},ज्वर से,(fear) caused by fever
तथा,-,तथा,तथा,और,and (other sacrifices)
4.1.Aन,4.1.C-,4.1.Dन,4.1.Eन,4.1.Fन,4.1.Gnor
च,-,च,च,और,and
अपि,-,अपि,अपि,भी,also
क्षुद्-भयं,B-A,क्षुद्-भय{1}{नपुं-ए.},क्षुद्-भय+{0/ने},भूख का भय,fear of starvation
तत्र,-,तत्र,तत्र,वहाँ न (राम राज्य में),there
न,-,न,न,न,nor
तस्कर-भयं,B-A,तस्कर-भय{1}{नपुं-ए.},तस्कर-भय+{0/ने},चोर का भय,the fear of thieves
तथा,-,तथा,तथा,और,and
नगराणि,B-A,नगर{1}{नपुं-ब.},नगर+{0/ने},नगर,cities
च,-,च,च,और,and
राष्ट्राणि,B-A,राष्ट्र{1}{नपुं-ब.},राष्ट्र+{0/ने},प्रदेश,states
धन-धान्य-युतानि,B-A,धन-धान्य-युत{1}{नपुं-ब.},धन-धान्य-युत+{0/ने},सर्वसमृद्धिशाली,(will be) full of riches and food grains
च,-,च,च,और,and
93,-,93,93,93,93
5.1.Aनित्यं,5.1.CB-B,5.1.Dनित्य{2}{नपुं-ए.},5.1.Eनित्य+{को2},5.1.Fहमेशा,5.1.Gever
प्र-मुदिताः,-,प्र-मुदित{1}{नपुं-ब.},प्र-मुदित+{0/ने},प्रसन्न,extremely happy
सर्वे,B-A,सर्व{1}{पुं-ब.},सर्व+{0/ने},सभी लोग,all
यथा,-,यथा,यथा,जैसे,as
कृत-युगे,-,कृत-युग{7}{नपुं-ए.},कृत-युग+{में/पर},सतयुग में,in Satyayuga
तथा,-,तथा,तथा,वैसे,-
अश्वमेध-शतैः,-,अश्वमेध-शत{3}{पुं-ब.},अश्वमेध-शत+{से3},सैकडों अश्वमेधों से,through hundreds of horse sacrifices
इष्ट्वा,-,इष्ट्वा,इष्ट्वा,यज्ञों को करके,having propitiated
तथा,-,तथा,तथा,और,and (other sacrifices)
बहु-सुवर्णकैः,-,बहु-सुवर्णकैः{3}{नपुं-ब.},बहु-सुवर्णकैः+{से3},प्रचुर सुवर्ण के उपयोग वाले,involving the use of abundant gold
94,-,94,94,94,94
6.1.Aगवां,6.1.CB-F,6.1.Dगो{6}{पुं-ब.},6.1.Eगो+{का},6.1.Fगौओं के,6.1.Gof cows
कोट्ययुतं,B-B,कोट्ययुत{2}{नपुं-ए.},कोट्ययुत+{को2},दस हजार करोड,billion
दत्त्वा,-,दत्त्वा,दत्त्वा,देकर,having given
विद्वद्भ्यः,B-D,विद्वस्{4}{पुं-ब.},विद्वस्+{को4},विद्वानों (को),on the learned
विधि-पूर्वकम्,-,विधि-पूर्वक{2}{नपुं-ए.},विधि-पूर्वक+{को2},विधि विधान के अनुसार,bestowed with due ceremony
असंख्येयं,B-B,असंख्येय{2}{नपुं-ए.},असंख्येय+{को2},असंख्येय,uncountable
धनं,B-B,धन{2}{नपुं-ए.},धन+{को2},धन को,riches
दत्त्वा,-,दत्त्वा,दत्त्वा,देकर,having given
ब्राह्मणेभ्यः,B-D,ब्राह्मण{4}{पुं-ब.},ब्राह्मण+{को4},ब्राह्मणों (को),Brahmins
महा-यशाः,-,महा-यशस्{1}{पुं-ब.},महा-यशस्+{0/ने},महान् यश वाले,having great fame
95,-,95,95,95,95
7.1.Aराज-वंशान्,7.1.C-,7.1.Dराज-वंश{2}{पुं-ब.},7.1.Eराज-वंश+{को2},7.1.Fराजवंशों को,7.1.Gto royal dynasties
शत-गुणान्,-,शत-गुण{2}{पुं-ब.},शत-गुण+{को2},सौ गुने,a hundred times
स्थापयिष्यति,B-v,स्था णिच्{कर्तरि लृट् प्रपु एक},स्था णिच्{कर्तरि लृट् प्रपु एक},स्थापित करेगा,will establish
राघवः,-,राघव{1}{पुं-ए.},राघव+{0/ने},राम,Sri Rama
चातुर्वण्यं,B-B,चातुर्वण्य{2}{नपुं-ए.},चातुर्वण्य+{को2},चारो वर्णों को,four grades of society
च,-,च,च,और,and
लोके,B-G,लोक{7}{पुं-ए.},लोक+{में/पर},लोक में,society
अस्मिन्,B-G,इदम्{7}{पुं-ए.},इदम्+{में/पर},इस,in this
स्वे-स्वे,B-7B-G,स्व{7}{पुं./नपुं-ए.}-स्व{7}{पुं./नपुं-ए.},स्व+{में/पर},अपने अपने,their own
धर्मे,B-G,धर्म{7}{नपु-ए.},धर्म+{में/पर},धर्म में,duties
नि-योक्ष्यति,-,नि-योक्ष्यति,नि-योक्ष्यति,लगाएगा,will direct
96,-,96,96,96,96
8.1.Aदश-वर्ष-सहस्राणि,8.1.CB-A,8.1.Dदश-वर्ष-सहस्र{1}{नपुं-ब.},8.1.Eदश-वर्ष-सहस्र+{0/ने},8.1.Fदश हजार वर्ष,8.1.Gten thousand years
दश-वर्ष-शतानि,-,दश-वर्ष-शत{1}{नपुं-ब.},दश-वर्ष-शत+{0/ने},एक हजार वर्ष,one thousand years
च,-,च,च,और,and
रामः,B-A,राम{1}{पुं-ए.},राम+{0/ने},राम,shri Rama
राज्यम्,B-B,राज्य{2}{नपुं-ए.},राज्य+{को2},राज्य (की),(his) kingdom
उपासित्वा,-,उपासित्वा,उपासित्वा,सेवा करके,having served
ब्रह्मलोकं,B-B,ब्रह्मलोक{2}{पुं-ए.},ब्रह्मलोक+{को2},ब्रह्मलोक को,to Brahmaloka
प्र-यास्यति,-,प्र-यास्यति,प्र-यास्यति,जाएगा,will ascend
9.1.Aइदम्,9.1.CB-B,9.1.Dइदम्{2}{नपुं-ए.},9.1.Eइदम्+{को2},9.1.Fयह राम का चरित,9.1.Gthis(narrative story of Rama)
पवित्रम्,B-B,पवित्र{2}{नपुं-ए.},पवित्र+{को2},पवित्र,capable of purifying
पापघ्नम्,B-B,पापघ्न{2}{नपुं-ए.},पापघ्न+{को2},पापनाशक,capable of wiping out sins
पुण्यम्,B-B,पुण्य{2}{नपुं-ए.},पुण्य+{को2},पुण्य,sacred
वैदैः,-,वैद{3}{पुं-ब.},वैद+{से3},वेदों से,as par with the Vedas
च,-,च,च,और,and
सम्मितम्,-,सम्मित{2}{नपुं-ए.},सम्मित+{को2},सम्मत,treated
यः,B-A,यत्{1}{पुं-ए.},यत्+{0/ने},जो (व्यक्ति),(he) who
पठेत्,B-v,पठ्{कर्तरि लिङ् प्रपु एक},पठ्{कर्तरि लिङ् प्रपु एक},पढे,reads
राम-चरितम्,-,राम-चरित{2}{नपुं-ए.},राम-चरित+{को2},राम की कथा,narrative of Sri Rama
सर्व-पापैः,-,सर्व-पाप{3}{पुं-ब.},सर्व-पाप+{से3},सभी पापों से,from all sins
प्र-मुच्यते,-,प्र-मुच्यते,प्र-मुच्यते,मुक्त हो जाता है,will be completely absolved
10.1.Aएतत्,10.1.CB-B,10.1.Dएतद्{2}{नपुं-ए.},10.1.Eएतद्+{को2},10.1.Fयह,10.1.Gthis
आख्यानम्,-,आख्यान{2}{नपुं-ए.},आख्यान+{को2},कथा को,narrative
आयुष्यं,B-B,आयुष्य{2}{नपुं-ए.},आयुष्य+{को2},दीर्घायुष्य कारक,conducive to longevity
पठन्,B-A,पठत्{1}{पुं-ए.},पठत्+{0/ने},पढता हुआ,by reading (it)
रामायणं,B-A,रामायण{1}{नपुं-ए.},रामायण+{0/ने},रामायण को,related to Rama
नरः,-,नर{1}{पुं-ए.},नर+{0/ने},मनुष्य,a man
स-पुत्र-पौत्रः,-,स-पुत्र-पौत्र{1}{पुं-ए.},स-पुत्र-पौत्र+{0/ने},पुत्र पौत्र के साथ,along with his sons and grand-sons
स-गणः,-,स-गण{1}{पुं-ए.},स-गण+{0/ने},अनुयायियों के साथ,along with his followers and attendants
प्रेत्य,-,प्रेत्य,प्रेत्य,शरीर त्याग कर,having departed from this world
स्वर्गे,B-G,स्वर्ग{7}{पुं-ए.},स्वर्ग+{में/पर},स्वर्ग लोक में,in heaven
महीयते,B-v,मही{कर्मणि लट् प्रपु एक},मही{कर्मणि लट् प्रपु एक},पूजा जाता है,be honoured
99,-,99,99,99,99
11.1.Aपठन्,11.1.CB-A,11.1.Dपठत्{1}{पुं-ए.},11.1.Eपठत्+{0/ने},11.1.Fपढता हुआ,11.1.Gby reading (it)
द्विजः,B-A,द्विज{1}{पुं-ए.},द्विज+{0/ने},ब्राह्मण,a brahmin
वाक्,-,वाक्{2}{नपुं-ए.},वाक्+{को2},वाक्,in eloquence
ऋषभत्वम्,-,ऋषभत्व{2}{नपुं-ए.},ऋषभत्व+{को2},चातुर्य,fair to attain eminence
ईयात्,-,इण्{कर्तरि आशीर्लिङ् प्रपु एक},इण्{कर्तरि आशीर्लिङ् प्रपु एक},प्राप्त करे,may attain
स्यात्,-,अस्{कर्तरि आशीर्लिङ् प्रपु एक},अस्{कर्तरि आशीर्लिङ् प्रपु एक},यदि,if
क्षत्रियः,-,क्षत्रिय{1}{पुं-ए.},क्षत्रिय+{0/ने},क्षत्रिय,a kshatriya
भूमि-पतित्वम्,-,भूमि-पतित्व{2}{नपुं-ए.},भूमि-पतित्व+{को2},भूमि के स्वामित्व को,lordship over the earth
ईयात्,-,ईयात्,ईयात्,प्राप्त करे,may attain
वणिक्,-,वणिक्{1}{पुं-ए.},वणिक्+{0/ने},वैश्य,a merchant
जनः,B-A,जन{1}{पुं-ए.},जन+{0/ने},--,person
पण्य-फलत्वम्,-,पण्य-फलत्व{2}{नपुं-ए.},पण्य-फलत्व+{को2},व्यापारलाभ,profit in trade
ईयात्,-,इण्{कर्तरि आशीर्लिङ् प्रपु एक},इण्{कर्तरि आशीर्लिङ् प्रपु एक},प्राप्त करे,may attain
जनः,B-A,जन{1}{पुं-ए.},जन+{0/ने},व्यक्ति,person
च,-,च,च,और,and
शूद्रः,B-A,शूद्र{1}{पुं-ए.},शूद्र+{0/ने},शूद्र वर्ग का व्यक्ति,man belonging to Sudra class
अपि,-,अपि,अपि,भी,also
महत्त्वम्,B-B,महत्त्व{2}{नपुं-ए.},महत्त्व+{को2},महत्त्वम्,to superiority
ईयात्,-,इण्{कर्तरि आशीर्लिङ् प्रपु एक},इण्{कर्तरि आशीर्लिङ् प्रपु एक},प्राप्त करे,may attain
